<?xml version="1.0" encoding="UTF-8"?><record_update sys_domain="global" table="sys_hub_flow">
    <sys_hub_flow action="DELETE">
        <access>public</access>
        <acls/>
        <active>false</active>
        <annotation/>
        <callable_by_client_api>false</callable_by_client_api>
        <category/>
        <compiler_build/>
        <copied_from/>
        <copied_from_name/>
        <description/>
        <internal_name>custom_action_demo</internal_name>
        <label_cache>[]</label_cache>
        <latest_snapshot/>
        <master_snapshot/>
        <name>custom action -demo</name>
        <natlang/>
        <outputs/>
        <pre_compiled>false</pre_compiled>
        <remote_trigger_id/>
        <run_as>user</run_as>
        <run_with_roles name="activity_admin">b453c203c3213100ad408039dfba8fb0</run_with_roles>
        <sc_callable>false</sc_callable>
        <show_draft_actions>false</show_draft_actions>
        <show_triggered_flows>false</show_triggered_flows>
        <status>draft</status>
        <sys_class_name>sys_hub_flow</sys_class_name>
        <sys_created_by>admin</sys_created_by>
        <sys_created_on>2023-05-10 15:27:35</sys_created_on>
        <sys_domain>global</sys_domain>
        <sys_domain_path>/</sys_domain_path>
        <sys_id>73a95bd0973a2110b180b466f053af69</sys_id>
        <sys_mod_count>0</sys_mod_count>
        <sys_name>custom action -demo</sys_name>
        <sys_overrides/>
        <sys_package display_value="task creation app" source="x_916786_task_crea">1afd861c97b22110b180b466f053af3f</sys_package>
        <sys_policy>read</sys_policy>
        <sys_scope display_value="task creation app">1afd861c97b22110b180b466f053af3f</sys_scope>
        <sys_update_name>sys_hub_flow_73a95bd0973a2110b180b466f053af69</sys_update_name>
        <sys_updated_by>admin</sys_updated_by>
        <sys_updated_on>2023-05-10 15:27:35</sys_updated_on>
        <type>flow</type>
    </sys_hub_flow>
    <sys_translated_text action="DELETE" query="documentkey=73a95bd0973a2110b180b466f053af69"/>
    <sys_variable_value action="DELETE" query="document_key=73a95bd0973a2110b180b466f053af69"/>
    <sys_hub_trigger_instance action="DELETE" query="flow=73a95bd0973a2110b180b466f053af69"/>
    <sys_hub_flow_stage action="DELETE" query="flow=73a95bd0973a2110b180b466f053af69"/>
    <sys_flow_cat_variable_model action="DELETE" query="id=73a95bd0973a2110b180b466f053af69^sys_idNOT IN73a95bd0973a2110b180b466f053af6c"/>
    <sys_flow_cat_variable_model action="DELETE">
        <id>73a95bd0973a2110b180b466f053af69</id>
        <name>custom action -demo</name>
        <sys_created_by>admin</sys_created_by>
        <sys_created_on>2023-05-10 15:27:35</sys_created_on>
        <sys_id>73a95bd0973a2110b180b466f053af6c</sys_id>
        <sys_mod_count>0</sys_mod_count>
        <sys_scope/>
        <sys_updated_by>admin</sys_updated_by>
        <sys_updated_on>2023-05-10 15:27:35</sys_updated_on>
    </sys_flow_cat_variable_model>
    <sys_flow_cat_variable action="DELETE" query="flow_catalog_model=73a95bd0973a2110b180b466f053af6c"/>
    <sys_hub_flow_input action="DELETE" query="model=73a95bd0973a2110b180b466f053af69"/>
    <sys_hub_flow_output action="DELETE" query="model=73a95bd0973a2110b180b466f053af69"/>
    <sys_hub_alias_mapping action="DELETE" query="source_id=73a95bd0973a2110b180b466f053af69"/>
    <sys_hub_action_instance action="DELETE" query="flow=73a95bd0973a2110b180b466f053af69"/>
    <sys_hub_sub_flow_instance action="DELETE" query="flow=73a95bd0973a2110b180b466f053af69"/>
    <sys_hub_flow_logic action="DELETE" query="flow=73a95bd0973a2110b180b466f053af69"/>
    <sys_hub_pill_compound action="DELETE" query="attached_to=73a95bd0973a2110b180b466f053af69"/>
    <sys_hub_flow_variable action="DELETE" query="model=73a95bd0973a2110b180b466f053af69"/>
    <sys_documentation action="DELETE" query="name=var__m_sys_hub_flow_input_73a95bd0973a2110b180b466f053af69"/>
    <sys_choice action="DELETE" query="name=var__m_sys_hub_flow_input_73a95bd0973a2110b180b466f053af69"/>
    <sys_documentation action="DELETE" query="name=var__m_sys_hub_flow_output_73a95bd0973a2110b180b466f053af69"/>
    <sys_choice action="DELETE" query="name=var__m_sys_hub_flow_output_73a95bd0973a2110b180b466f053af69"/>
    <sys_flow_trigger_plan action="DELETE" query="plan_id=73a95bd0973a2110b180b466f053af69"/>
    <sys_flow_subflow_plan action="DELETE" query="plan_id=73a95bd0973a2110b180b466f053af69"/>
    <sys_update_version action="INSERT_OR_UPDATE">
        <action>DELETE</action>
        <application display_value="task creation app">1afd861c97b22110b180b466f053af3f</application>
        <file_path/>
        <instance_id>c2433296db971f804f035d00cf961936</instance_id>
        <instance_name>dev65371</instance_name>
        <name>sys_hub_flow_73a95bd0973a2110b180b466f053af69</name>
        <payload><![CDATA[<?xml version="1.0" encoding="UTF-8"?><record_update sys_domain="global" table="sys_hub_flow"><sys_hub_flow action="INSERT_OR_UPDATE"><access>public</access><acls/><active>false</active><annotation/><callable_by_client_api>false</callable_by_client_api><category/><compiler_build/><copied_from/><copied_from_name/><description/><internal_name>custom_action_demo</internal_name><label_cache>[]</label_cache><latest_snapshot/><master_snapshot/><name>custom action -demo</name><natlang/><outputs/><pre_compiled>false</pre_compiled><remote_trigger_id/><run_as>user</run_as><run_with_roles name="activity_admin">b453c203c3213100ad408039dfba8fb0</run_with_roles><sc_callable>false</sc_callable><show_draft_actions>false</show_draft_actions><show_triggered_flows>false</show_triggered_flows><status>draft</status><sys_class_name>sys_hub_flow</sys_class_name><sys_created_by>admin</sys_created_by><sys_created_on>2023-05-10 15:27:35</sys_created_on><sys_domain>global</sys_domain><sys_domain_path>/</sys_domain_path><sys_id>73a95bd0973a2110b180b466f053af69</sys_id><sys_mod_count>0</sys_mod_count><sys_name>custom action -demo</sys_name><sys_overrides/><sys_package display_value="task creation app" source="x_916786_task_crea">1afd861c97b22110b180b466f053af3f</sys_package><sys_policy>read</sys_policy><sys_scope display_value="task creation app">1afd861c97b22110b180b466f053af3f</sys_scope><sys_update_name>sys_hub_flow_73a95bd0973a2110b180b466f053af69</sys_update_name><sys_updated_by>admin</sys_updated_by><sys_updated_on>2023-05-10 15:27:35</sys_updated_on><type>flow</type></sys_hub_flow><sys_translated_text action="delete_multiple" query="documentkey=73a95bd0973a2110b180b466f053af69"/><sys_variable_value action="delete_multiple" query="document_key=73a95bd0973a2110b180b466f053af69"/><sys_hub_trigger_instance action="delete_multiple" query="flow=73a95bd0973a2110b180b466f053af69"/><sys_hub_flow_stage action="delete_multiple" query="flow=73a95bd0973a2110b180b466f053af69"/><sys_flow_cat_variable_model action="delete_multiple" query="id=73a95bd0973a2110b180b466f053af69^sys_idNOT IN73a95bd0973a2110b180b466f053af6c"/><sys_flow_cat_variable_model action="INSERT_OR_UPDATE"><id>73a95bd0973a2110b180b466f053af69</id><name>custom action -demo</name><sys_created_by>admin</sys_created_by><sys_created_on>2023-05-10 15:27:35</sys_created_on><sys_id>73a95bd0973a2110b180b466f053af6c</sys_id><sys_mod_count>0</sys_mod_count><sys_scope/><sys_updated_by>admin</sys_updated_by><sys_updated_on>2023-05-10 15:27:35</sys_updated_on></sys_flow_cat_variable_model><sys_flow_cat_variable action="delete_multiple" query="flow_catalog_model=73a95bd0973a2110b180b466f053af6c"/><sys_hub_flow_input action="delete_multiple" query="model=73a95bd0973a2110b180b466f053af69"/><sys_hub_flow_output action="delete_multiple" query="model=73a95bd0973a2110b180b466f053af69"/><sys_hub_alias_mapping action="delete_multiple" query="source_id=73a95bd0973a2110b180b466f053af69"/><sys_hub_action_instance action="delete_multiple" query="flow=73a95bd0973a2110b180b466f053af69"/><sys_hub_sub_flow_instance action="delete_multiple" query="flow=73a95bd0973a2110b180b466f053af69"/><sys_hub_flow_logic action="delete_multiple" query="flow=73a95bd0973a2110b180b466f053af69"/><sys_hub_pill_compound action="delete_multiple" query="attached_to=73a95bd0973a2110b180b466f053af69"/><sys_hub_flow_variable action="delete_multiple" query="model=73a95bd0973a2110b180b466f053af69"/><sys_documentation action="delete_multiple" query="name=var__m_sys_hub_flow_input_73a95bd0973a2110b180b466f053af69"/><sys_choice action="delete_multiple" query="name=var__m_sys_hub_flow_input_73a95bd0973a2110b180b466f053af69"/><sys_documentation action="delete_multiple" query="name=var__m_sys_hub_flow_output_73a95bd0973a2110b180b466f053af69"/><sys_choice action="delete_multiple" query="name=var__m_sys_hub_flow_output_73a95bd0973a2110b180b466f053af69"/><sys_flow_trigger_plan action="delete_multiple" query="plan_id=73a95bd0973a2110b180b466f053af69"/><sys_flow_subflow_plan action="delete_multiple" query="plan_id=73a95bd0973a2110b180b466f053af69"/></record_update>]]></payload>
        <payload_hash>-1160026048</payload_hash>
        <record_name>custom action -demo</record_name>
        <reverted_from/>
        <source>8240d21497f22110b180b466f053affb</source>
        <source_table>sys_update_set</source_table>
        <state>previous</state>
        <sys_created_by>admin</sys_created_by>
        <sys_created_on>2023-05-10 15:27:36</sys_created_on>
        <sys_id>bba95bd0973a2110b180b466f053af7f</sys_id>
        <sys_mod_count>0</sys_mod_count>
        <sys_recorded_at>188064662d00000001</sys_recorded_at>
        <sys_updated_by>admin</sys_updated_by>
        <sys_updated_on>2023-05-10 15:27:36</sys_updated_on>
        <type>Flow</type>
        <update_guid>f3a95bd0ec3a2110659fbf987440bd7f</update_guid>
        <update_guid_history>f3a95bd0ec3a2110659fbf987440bd7f:-1160026048</update_guid_history>
    </sys_update_version>
    <sys_metadata_delete action="INSERT_OR_UPDATE">
        <sys_audit_delete/>
        <sys_class_name>sys_metadata_delete</sys_class_name>
        <sys_created_by>admin</sys_created_by>
        <sys_created_on>2023-05-10 15:28:07</sys_created_on>
        <sys_db_object display_value="" name="sys_hub_flow">sys_hub_flow</sys_db_object>
        <sys_id>1ae31e46535e4d409928affe9660a900</sys_id>
        <sys_metadata>73a95bd0973a2110b180b466f053af69</sys_metadata>
        <sys_mod_count>0</sys_mod_count>
        <sys_name>custom action -demo</sys_name>
        <sys_package display_value="task creation app" source="x_916786_task_crea">1afd861c97b22110b180b466f053af3f</sys_package>
        <sys_parent/>
        <sys_policy>read</sys_policy>
        <sys_scope display_value="task creation app">1afd861c97b22110b180b466f053af3f</sys_scope>
        <sys_scope_delete display_value="">d1bc0712a92849fcbb345824239b0b51</sys_scope_delete>
        <sys_update_name>sys_hub_flow_73a95bd0973a2110b180b466f053af69</sys_update_name>
        <sys_update_version display_value="sys_hub_flow_73a95bd0973a2110b180b466f053af69">bba95bd0973a2110b180b466f053af7f</sys_update_version>
        <sys_updated_by>admin</sys_updated_by>
        <sys_updated_on>2023-05-10 15:28:07</sys_updated_on>
    </sys_metadata_delete>
</record_update>
