<?xml version="1.0" encoding="UTF-8"?><record_update sys_domain="global" table="sys_app_application">
    <sys_app_application action="INSERT_OR_UPDATE">
        <active>true</active>
        <category display_value="">Custom Applications</category>
        <description>task creation app</description>
        <device_type>browser</device_type>
        <hint>task creation app</hint>
        <name/>
        <order/>
        <roles>sla_manager</roles>
        <sys_class_name>sys_app_application</sys_class_name>
        <sys_created_by>admin</sys_created_by>
        <sys_created_on>2023-05-10 09:58:42</sys_created_on>
        <sys_domain>global</sys_domain>
        <sys_domain_path>/</sys_domain_path>
        <sys_id>466e8a5c97b22110b180b466f053af10</sys_id>
        <sys_mod_count>0</sys_mod_count>
        <sys_name>task creation app</sys_name>
        <sys_overrides/>
        <sys_package display_value="task creation app" source="x_916786_task_crea">1afd861c97b22110b180b466f053af3f</sys_package>
        <sys_policy/>
        <sys_scope display_value="task creation app">1afd861c97b22110b180b466f053af3f</sys_scope>
        <sys_update_name>sys_app_application_466e8a5c97b22110b180b466f053af10</sys_update_name>
        <sys_updated_by>admin</sys_updated_by>
        <sys_updated_on>2023-05-10 09:58:42</sys_updated_on>
        <title>task creation app</title>
        <view_name/>
    </sys_app_application>
</record_update>
