<?xml version="1.0" encoding="UTF-8"?><record_update sys_domain="global" table="sys_hub_flow">
    <sys_hub_flow action="INSERT_OR_UPDATE">
        <access>public</access>
        <acls/>
        <active>true</active>
        <annotation/>
        <callable_by_client_api>false</callable_by_client_api>
        <category/>
        <copied_from/>
        <copied_from_name/>
        <description/>
        <internal_name>record_updation</internal_name>
        <label_cache>[{"name":"Created_1.current.number","label":"Trigger - Record Created➛Catalog Task Record➛Number","reference":"","reference_display":"Number","type":"string","base_type":"string","parent_table_name":"sc_task","column_name":"number"},{"name":"Created_1.current","label":"Trigger - Record Created➛Catalog Task Record","reference":"sc_task","reference_display":"Catalog Task","type":"reference","base_type":"reference","attributes":{}},{"name":"f65c2140-1803-45a6-a1d2-4058391c6109.__dont_treat_as_error__","label":"1 - Look Up Record➛Don\u0027t Treat as Error","reference_display":"Don\u0027t Treat as Error","type":"boolean","base_type":"boolean","attributes":{"uiType":"boolean","visible_in_ui":"false","action_error_output":"true","element_mapping_provider":"com.glide.flow_design.action.data.FlowDesignVariableMapper"}},{"name":"f65c2140-1803-45a6-a1d2-4058391c6109.__action_status__","label":"1 - Look Up Record➛Action Status","reference_display":"Action Status","type":"object","base_type":"object","attributes":{"uiType":"object","co_type_name":"FDACTIONSTATUS","action_error_output":"true","element_mapping_provider":"com.glide.flow_design.action.data.FlowDesignVariableMapper"}},{"name":"f65c2140-1803-45a6-a1d2-4058391c6109.error_message","label":"1 - Look Up Record➛Error Message","reference_display":"Error Message","type":"string","base_type":"string","attributes":{"uiType":"string","uiTypeLabel":"String","element_mapping_provider":"com.glide.flow_design.action.data.FlowDesignVariableMapper","pwd2droppable":"true","uiUniqueId":"87687532-9e3d-4497-a88e-90f45bfb9adb"}},{"name":"f65c2140-1803-45a6-a1d2-4058391c6109.status","label":"1 - Look Up Record➛Status","reference_display":"Status","type":"choice","base_type":"choice","choices":[{"label":"Error","value":"1","order":0.0},{"label":"Success","value":"0","order":1.0}],"attributes":{"uiType":"choice","uiTypeLabel":"Choice","element_mapping_provider":"com.glide.flow_design.action.data.FlowDesignVariableMapper","uiUniqueId":"5e478657-3a84-4a60-a92b-d3e80005ad34"}},{"name":"f65c2140-1803-45a6-a1d2-4058391c6109.Table","label":"1 - Look Up Record➛Catalog Task Table","reference":"sc_task","reference_display":"Catalog Task","type":"table_name","base_type":"table_name","attributes":{"element_mapping_provider":"com.glide.flow_design.action.data.FlowDesignVariableMapper"}},{"name":"f65c2140-1803-45a6-a1d2-4058391c6109.Record","label":"1 - Look Up Record➛Catalog Task Record","reference":"sc_task","reference_display":"Catalog Task","type":"reference","base_type":"reference","attributes":{"element_mapping_provider":"com.glide.flow_design.action.data.FlowDesignVariableMapper"}},{"name":"2396c191-5491-4f0a-817c-718eefec28dc.__dont_treat_as_error__","label":"1 - Update Record➛Don\u0027t Treat as Error","reference_display":"Don\u0027t Treat as Error","type":"boolean","base_type":"boolean","attributes":{"uiType":"boolean","visible_in_ui":"false","action_error_output":"true","element_mapping_provider":"com.glide.flow_design.action.data.FlowDesignVariableMapper"}},{"name":"2396c191-5491-4f0a-817c-718eefec28dc.__action_status__","label":"1 - Update Record➛Action Status","reference_display":"Action Status","type":"object","base_type":"object","attributes":{"uiType":"object","co_type_name":"FDACTIONSTATUS","action_error_output":"true","element_mapping_provider":"com.glide.flow_design.action.data.FlowDesignVariableMapper"}},{"name":"2396c191-5491-4f0a-817c-718eefec28dc.table_name","label":"1 - Update Record➛Catalog Task Table","reference":"sc_task","reference_display":"Catalog Task","type":"table_name","base_type":"table_name","attributes":{"element_mapping_provider":"com.glide.flow_design.action.data.FlowDesignVariableMapper"}},{"name":"2396c191-5491-4f0a-817c-718eefec28dc.record","label":"1 - Update Record➛Catalog Task Record","reference":"sc_task","reference_display":"Catalog Task","type":"reference","base_type":"reference","attributes":{"element_mapping_provider":"com.glide.flow_design.action.data.FlowDesignVariableMapper"}}]</label_cache>
        <master_snapshot>5563121897f22110b180b466f053af14</master_snapshot>
        <name>record updation</name>
        <natlang/>
        <outputs/>
        <pre_compiled>false</pre_compiled>
        <remote_trigger_id>e5f5761097b62110b180b466f053af91</remote_trigger_id>
        <run_as>user</run_as>
        <run_with_roles name="activity_admin">b453c203c3213100ad408039dfba8fb0</run_with_roles>
        <sc_callable>false</sc_callable>
        <show_draft_actions>false</show_draft_actions>
        <show_triggered_flows>false</show_triggered_flows>
        <status>published</status>
        <sys_class_name>sys_hub_flow</sys_class_name>
        <sys_created_by>admin</sys_created_by>
        <sys_created_on>2023-05-10 10:18:26</sys_created_on>
        <sys_domain>global</sys_domain>
        <sys_domain_path>/</sys_domain_path>
        <sys_id>07e256d497f22110b180b466f053afb2</sys_id>
        <sys_mod_count>28</sys_mod_count>
        <sys_name>record updation</sys_name>
        <sys_overrides/>
        <sys_package display_value="task creation app" source="x_916786_task_crea">1afd861c97b22110b180b466f053af3f</sys_package>
        <sys_policy>read</sys_policy>
        <sys_scope display_value="task creation app">1afd861c97b22110b180b466f053af3f</sys_scope>
        <sys_update_name>sys_hub_flow_07e256d497f22110b180b466f053afb2</sys_update_name>
        <sys_updated_by>admin</sys_updated_by>
        <sys_updated_on>2023-05-10 12:51:31</sys_updated_on>
        <type>flow</type>
    </sys_hub_flow>
    <sys_translated_text action="delete_multiple" query="documentkey=07e256d497f22110b180b466f053afb2"/>
    <sys_variable_value action="delete_multiple" query="document_key=07e256d497f22110b180b466f053afb2"/>
    <sys_flow_record_trigger action="INSERT_OR_UPDATE">
        <active>true</active>
        <condition table="sc_task">short_description=Task creation using incident - scoped app<item endquery="false" field="short_description" goto="false" newquery="false" operator="=" or="false" value="Task creation using incident - scoped app"/>
        </condition>
        <name/>
        <on_delete>false</on_delete>
        <on_insert>true</on_insert>
        <on_update>false</on_update>
        <run_flow_in>background</run_flow_in>
        <run_on_extended>false</run_on_extended>
        <run_when_setting>both</run_when_setting>
        <run_when_user_list/>
        <run_when_user_setting>any</run_when_user_setting>
        <sys_class_name>sys_flow_record_trigger</sys_class_name>
        <sys_created_by>admin</sys_created_by>
        <sys_created_on>2023-05-10 12:51:31</sys_created_on>
        <sys_domain>global</sys_domain>
        <sys_domain_path>/</sys_domain_path>
        <sys_id>e5f5761097b62110b180b466f053af91</sys_id>
        <sys_mod_count>0</sys_mod_count>
        <sys_overrides/>
        <sys_scope display_value="task creation app">1afd861c97b22110b180b466f053af3f</sys_scope>
        <sys_updated_by>admin</sys_updated_by>
        <sys_updated_on>2023-05-10 12:51:31</sys_updated_on>
        <table>sc_task</table>
    </sys_flow_record_trigger>
    <sys_trigger_runner_mapping action="INSERT_OR_UPDATE">
        <active>true</active>
        <data>{"run_flow_in":"background","run_when_user_list":[],"run_when_setting":"both","run_when_user_setting":"any","run_on_extended":"false"}</data>
        <identifier>07e256d497f22110b180b466f053afb2</identifier>
        <runner>FDTriggerRunner</runner>
        <sys_created_by>admin</sys_created_by>
        <sys_created_on>2023-05-10 12:51:31</sys_created_on>
        <sys_id>61f5761097b62110b180b466f053af92</sys_id>
        <sys_mod_count>1</sys_mod_count>
        <sys_updated_by>admin</sys_updated_by>
        <sys_updated_on>2023-05-10 12:51:31</sys_updated_on>
        <trigger display_value="">e5f5761097b62110b180b466f053af91</trigger>
    </sys_trigger_runner_mapping>
    <sys_trigger_runner_mapping action="delete_multiple" query="identifier=07e256d497f22110b180b466f053afb2^sys_idNOT IN61f5761097b62110b180b466f053af92"/>
    <sys_hub_trigger_instance action="delete_multiple" query="flow=07e256d497f22110b180b466f053afb2^sys_idNOT IN1769925097362110b180b466f053afa9"/>
    <sys_hub_trigger_instance action="INSERT_OR_UPDATE">
        <comment/>
        <display_text/>
        <flow display_value="record updation">07e256d497f22110b180b466f053afb2</flow>
        <name>Created</name>
        <remote_sys_id/>
        <sys_created_by>admin</sys_created_by>
        <sys_created_on>2023-05-10 10:46:50</sys_created_on>
        <sys_id>1769925097362110b180b466f053afa9</sys_id>
        <sys_mod_count>17</sys_mod_count>
        <sys_scope/>
        <sys_updated_by>admin</sys_updated_by>
        <sys_updated_on>2023-05-10 12:51:31</sys_updated_on>
        <trigger_definition display_value="Created">798916a0c31322002841b63b12d3ae7c</trigger_definition>
        <trigger_inputs/>
        <trigger_outputs/>
        <trigger_type>record_create</trigger_type>
    </sys_hub_trigger_instance>
    <sys_variable_value action="delete_multiple" query="document_key=1769925097362110b180b466f053afa9"/>
    <sys_variable_value action="INSERT_OR_UPDATE">
        <document>sys_hub_trigger_instance</document>
        <document_key>1769925097362110b180b466f053afa9</document_key>
        <order>100</order>
        <sys_class_name>sys_variable_value</sys_class_name>
        <sys_created_by>admin</sys_created_by>
        <sys_created_on>2023-05-10 10:46:50</sys_created_on>
        <sys_id>d369925097362110b180b466f053afaa</sys_id>
        <sys_mod_count>0</sys_mod_count>
        <sys_updated_by>admin</sys_updated_by>
        <sys_updated_on>2023-05-10 10:46:50</sys_updated_on>
        <value>short_description=Task creation using incident - scoped app</value>
        <variable display_value="Condition">66aadea0c31322002841b63b12d3aebf</variable>
    </sys_variable_value>
    <sys_variable_value action="INSERT_OR_UPDATE">
        <document>sys_hub_trigger_instance</document>
        <document_key>1769925097362110b180b466f053afa9</document_key>
        <order>1</order>
        <sys_class_name>sys_variable_value</sys_class_name>
        <sys_created_by>admin</sys_created_by>
        <sys_created_on>2023-05-10 10:46:50</sys_created_on>
        <sys_id>db69925097362110b180b466f053afaa</sys_id>
        <sys_mod_count>0</sys_mod_count>
        <sys_updated_by>admin</sys_updated_by>
        <sys_updated_on>2023-05-10 10:46:50</sys_updated_on>
        <value>sc_task</value>
        <variable display_value="Table">cfca92e0c31322002841b63b12d3ae00</variable>
    </sys_variable_value>
    <sys_hub_flow_stage action="delete_multiple" query="flow=07e256d497f22110b180b466f053afb2"/>
    <sys_flow_cat_variable_model action="delete_multiple" query="id=07e256d497f22110b180b466f053afb2^sys_idNOT INcfe256d497f22110b180b466f053afb2"/>
    <sys_flow_cat_variable_model action="INSERT_OR_UPDATE">
        <id>07e256d497f22110b180b466f053afb2</id>
        <name>record updation</name>
        <sys_created_by>admin</sys_created_by>
        <sys_created_on>2023-05-10 10:18:26</sys_created_on>
        <sys_id>cfe256d497f22110b180b466f053afb2</sys_id>
        <sys_mod_count>0</sys_mod_count>
        <sys_scope/>
        <sys_updated_by>admin</sys_updated_by>
        <sys_updated_on>2023-05-10 10:18:26</sys_updated_on>
    </sys_flow_cat_variable_model>
    <sys_flow_cat_variable action="delete_multiple" query="flow_catalog_model=cfe256d497f22110b180b466f053afb2"/>
    <sys_hub_flow_input action="delete_multiple" query="model=07e256d497f22110b180b466f053afb2^sys_idNOT IN2fa6de1c97f22110b180b466f053afb3,e7a6de1c97f22110b180b466f053afac"/>
    <sys_hub_flow_input action="INSERT_OR_UPDATE">
        <active>true</active>
        <array>false</array>
        <array_denormalized>false</array_denormalized>
        <attributes>element_mapping_provider=com.glide.flow_design.action.data.FlowDesignVariableMapper,test_input_hidden=true,uiType=table_name</attributes>
        <audit>false</audit>
        <calculation><![CDATA[(function calculatedFieldValue(current) {

	// Add your code here
	return '';  // return the calculated value

})(current);]]></calculation>
        <choice/>
        <choice_field/>
        <choice_table/>
        <column_label/>
        <comments/>
        <create_roles/>
        <default_value/>
        <defaultsort/>
        <delete_roles/>
        <dependent/>
        <dependent_on_field/>
        <display>false</display>
        <dynamic_creation>false</dynamic_creation>
        <dynamic_creation_script/>
        <dynamic_default_value/>
        <dynamic_ref_qual/>
        <element>table_name</element>
        <element_reference>false</element_reference>
        <foreign_database/>
        <formula/>
        <function_definition/>
        <function_field>false</function_field>
        <help/>
        <hint/>
        <internal_type display_value="">table_name</internal_type>
        <label>Table Name</label>
        <mandatory>false</mandatory>
        <max_length>200</max_length>
        <model display_value="record updation">07e256d497f22110b180b466f053afb2</model>
        <model_id>07e256d497f22110b180b466f053afb2</model_id>
        <model_table>sys_hub_flow</model_table>
        <name>var__m_sys_hub_flow_input_07e256d497f22110b180b466f053afb2</name>
        <next_element/>
        <order>101</order>
        <primary>false</primary>
        <read_only>false</read_only>
        <read_roles/>
        <reference/>
        <reference_cascade_rule/>
        <reference_floats>false</reference_floats>
        <reference_key/>
        <reference_qual/>
        <reference_qual_condition/>
        <reference_type/>
        <sizeclass/>
        <spell_check>false</spell_check>
        <staged>false</staged>
        <sys_class_name>sys_hub_flow_input</sys_class_name>
        <sys_created_by>admin</sys_created_by>
        <sys_created_on>2023-05-10 10:34:51</sys_created_on>
        <sys_id>2fa6de1c97f22110b180b466f053afb3</sys_id>
        <sys_mod_count>16</sys_mod_count>
        <sys_name/>
        <sys_package/>
        <sys_policy>read</sys_policy>
        <sys_scope display_value="task creation app">1afd861c97b22110b180b466f053af3f</sys_scope>
        <sys_update_name/>
        <sys_updated_by>admin</sys_updated_by>
        <sys_updated_on>2023-05-10 12:51:31</sys_updated_on>
        <table_reference>false</table_reference>
        <text_index>false</text_index>
        <unique>false</unique>
        <use_dependent_field>false</use_dependent_field>
        <use_dynamic_default>false</use_dynamic_default>
        <use_reference_qualifier>simple</use_reference_qualifier>
        <virtual>false</virtual>
        <virtual_type>script</virtual_type>
        <widget/>
        <write_roles/>
        <xml_view>false</xml_view>
    </sys_hub_flow_input>
    <sys_hub_flow_input action="INSERT_OR_UPDATE">
        <active>true</active>
        <array>false</array>
        <array_denormalized>false</array_denormalized>
        <attributes>element_mapping_provider=com.glide.flow_design.action.data.FlowDesignVariableMapper,uiType=document_id</attributes>
        <audit>false</audit>
        <calculation><![CDATA[(function calculatedFieldValue(current) {

	// Add your code here
	return '';  // return the calculated value

})(current);]]></calculation>
        <choice/>
        <choice_field/>
        <choice_table/>
        <column_label/>
        <comments/>
        <create_roles/>
        <default_value/>
        <defaultsort/>
        <delete_roles/>
        <dependent>table_name</dependent>
        <dependent_on_field>table_name</dependent_on_field>
        <display>false</display>
        <dynamic_creation>false</dynamic_creation>
        <dynamic_creation_script/>
        <dynamic_default_value/>
        <dynamic_ref_qual/>
        <element>current</element>
        <element_reference>false</element_reference>
        <foreign_database/>
        <formula/>
        <function_definition/>
        <function_field>false</function_field>
        <help/>
        <hint/>
        <internal_type display_value="">document_id</internal_type>
        <label>Record</label>
        <mandatory>true</mandatory>
        <max_length>200</max_length>
        <model display_value="record updation">07e256d497f22110b180b466f053afb2</model>
        <model_id>07e256d497f22110b180b466f053afb2</model_id>
        <model_table>sys_hub_flow</model_table>
        <name>var__m_sys_hub_flow_input_07e256d497f22110b180b466f053afb2</name>
        <next_element/>
        <order>100</order>
        <primary>false</primary>
        <read_only>false</read_only>
        <read_roles/>
        <reference/>
        <reference_cascade_rule/>
        <reference_floats>false</reference_floats>
        <reference_key/>
        <reference_qual/>
        <reference_qual_condition/>
        <reference_type/>
        <sizeclass/>
        <spell_check>false</spell_check>
        <staged>false</staged>
        <sys_class_name>sys_hub_flow_input</sys_class_name>
        <sys_created_by>admin</sys_created_by>
        <sys_created_on>2023-05-10 10:34:51</sys_created_on>
        <sys_id>e7a6de1c97f22110b180b466f053afac</sys_id>
        <sys_mod_count>16</sys_mod_count>
        <sys_name/>
        <sys_package/>
        <sys_policy>read</sys_policy>
        <sys_scope display_value="task creation app">1afd861c97b22110b180b466f053af3f</sys_scope>
        <sys_update_name/>
        <sys_updated_by>admin</sys_updated_by>
        <sys_updated_on>2023-05-10 12:51:31</sys_updated_on>
        <table_reference>false</table_reference>
        <text_index>false</text_index>
        <unique>false</unique>
        <use_dependent_field>true</use_dependent_field>
        <use_dynamic_default>false</use_dynamic_default>
        <use_reference_qualifier>simple</use_reference_qualifier>
        <virtual>false</virtual>
        <virtual_type>script</virtual_type>
        <widget/>
        <write_roles/>
        <xml_view>false</xml_view>
    </sys_hub_flow_input>
    <sys_hub_flow_output action="delete_multiple" query="model=07e256d497f22110b180b466f053afb2"/>
    <sys_hub_alias_mapping action="delete_multiple" query="source_id=07e256d497f22110b180b466f053afb2"/>
    <sys_hub_action_instance action="delete_multiple" query="flow=07e256d497f22110b180b466f053afb2^sys_idNOT IN6b53ded497f22110b180b466f053af29"/>
    <sys_hub_action_instance action="INSERT_OR_UPDATE">
        <action_inputs/>
        <action_inputs/>
        <action_type display_value="Update Record">f9d01dd2c31332002841b63b12d3aea1</action_type>
        <action_type_parent/>
        <comment/>
        <display_text/>
        <flow display_value="record updation">07e256d497f22110b180b466f053afb2</flow>
        <order>1</order>
        <parent_ui_id/>
        <sys_class_name>sys_hub_action_instance</sys_class_name>
        <sys_created_by>admin</sys_created_by>
        <sys_created_on>2023-05-10 10:20:23</sys_created_on>
        <sys_id>6b53ded497f22110b180b466f053af29</sys_id>
        <sys_mod_count>66</sys_mod_count>
        <sys_scope display_value="task creation app">1afd861c97b22110b180b466f053af3f</sys_scope>
        <sys_updated_by>admin</sys_updated_by>
        <sys_updated_on>2023-05-10 12:51:31</sys_updated_on>
        <ui_id>2396c191-5491-4f0a-817c-718eefec28dc</ui_id>
    </sys_hub_action_instance>
    <sys_variable_value action="delete_multiple" query="document_key=6b53ded497f22110b180b466f053af29"/>
    <sys_variable_value action="INSERT_OR_UPDATE">
        <document>sys_hub_action_instance</document>
        <document_key>6b53ded497f22110b180b466f053af29</document_key>
        <order>100</order>
        <sys_class_name>sys_variable_value</sys_class_name>
        <sys_created_by>admin</sys_created_by>
        <sys_created_on>2023-05-10 10:20:23</sys_created_on>
        <sys_id>2b53ded497f22110b180b466f053af2b</sys_id>
        <sys_mod_count>1</sys_mod_count>
        <sys_updated_by>admin</sys_updated_by>
        <sys_updated_on>2023-05-10 10:50:41</sys_updated_on>
        <value/>
        <variable display_value="Fields">02d01916c31332002841b63b12d3aeee</variable>
    </sys_variable_value>
    <sys_variable_value action="INSERT_OR_UPDATE">
        <document>sys_hub_action_instance</document>
        <document_key>6b53ded497f22110b180b466f053af29</document_key>
        <order>50</order>
        <sys_class_name>sys_variable_value</sys_class_name>
        <sys_created_by>admin</sys_created_by>
        <sys_created_on>2023-05-10 10:20:23</sys_created_on>
        <sys_id>eb53ded497f22110b180b466f053af2b</sys_id>
        <sys_mod_count>0</sys_mod_count>
        <sys_updated_by>admin</sys_updated_by>
        <sys_updated_on>2023-05-10 10:20:23</sys_updated_on>
        <value>sc_task</value>
        <variable display_value="Table">b5d01916c31332002841b63b12d3aec9</variable>
    </sys_variable_value>
    <sys_element_mapping action="delete_multiple" query="id=6b53ded497f22110b180b466f053af29"/>
    <sys_element_mapping action="INSERT_OR_UPDATE">
        <field>record</field>
        <id>6b53ded497f22110b180b466f053af29</id>
        <sys_created_by>admin</sys_created_by>
        <sys_created_on>2023-05-10 10:20:23</sys_created_on>
        <sys_id>a753ded497f22110b180b466f053af2b</sys_id>
        <sys_mod_count>1</sys_mod_count>
        <sys_updated_by>admin</sys_updated_by>
        <sys_updated_on>2023-05-10 10:48:36</sys_updated_on>
        <table>var__m_sys_hub_action_input_f9d01dd2c31332002841b63b12d3aea1</table>
        <value>{{Created_1.current}}</value>
    </sys_element_mapping>
    <sys_element_mapping action="INSERT_OR_UPDATE">
        <field>table_name</field>
        <id>6b53ded497f22110b180b466f053af29</id>
        <sys_created_by>admin</sys_created_by>
        <sys_created_on>2023-05-10 10:20:23</sys_created_on>
        <sys_id>2353ded497f22110b180b466f053af2b</sys_id>
        <sys_mod_count>0</sys_mod_count>
        <sys_updated_by>admin</sys_updated_by>
        <sys_updated_on>2023-05-10 10:20:23</sys_updated_on>
        <table>var__m_sys_hub_action_input_f9d01dd2c31332002841b63b12d3aea1</table>
        <value/>
    </sys_element_mapping>
    <sys_element_mapping action="INSERT_OR_UPDATE">
        <field>values</field>
        <id>6b53ded497f22110b180b466f053af29</id>
        <sys_created_by>admin</sys_created_by>
        <sys_created_on>2023-05-10 10:20:23</sys_created_on>
        <sys_id>e353ded497f22110b180b466f053af2b</sys_id>
        <sys_mod_count>3</sys_mod_count>
        <sys_updated_by>admin</sys_updated_by>
        <sys_updated_on>2023-05-10 11:48:43</sys_updated_on>
        <table>var__m_sys_hub_action_input_f9d01dd2c31332002841b63b12d3aea1</table>
        <value>work_notes=work notes updated by "record updation flow" 
Task number : {{Created_1.current.number}}</value>
    </sys_element_mapping>
    <sys_hub_input_scripts action="delete_multiple" query="instance=6b53ded497f22110b180b466f053af29"/>
    <sys_hub_alias_mapping action="delete_multiple" query="source_id=6b53ded497f22110b180b466f053af29"/>
    <sys_hub_sub_flow_instance action="delete_multiple" query="flow=07e256d497f22110b180b466f053afb2"/>
    <sys_hub_flow_logic action="delete_multiple" query="flow=07e256d497f22110b180b466f053afb2"/>
    <sys_hub_pill_compound action="delete_multiple" query="attached_to=07e256d497f22110b180b466f053afb2"/>
    <sys_hub_flow_variable action="delete_multiple" query="model=07e256d497f22110b180b466f053afb2"/>
    <sys_documentation action="delete_multiple" query="name=var__m_sys_hub_flow_input_07e256d497f22110b180b466f053afb2^sys_idNOT IN33a6de1c97f22110b180b466f053afb6,e7a6de1c97f22110b180b466f053afaf"/>
    <sys_documentation action="INSERT_OR_UPDATE">
        <element>table_name</element>
        <help/>
        <hint/>
        <label>Table Name</label>
        <language>en</language>
        <name>var__m_sys_hub_flow_input_07e256d497f22110b180b466f053afb2</name>
        <plural/>
        <sys_class_name>sys_documentation</sys_class_name>
        <sys_created_by>admin</sys_created_by>
        <sys_created_on>2023-05-10 10:34:51</sys_created_on>
        <sys_id>33a6de1c97f22110b180b466f053afb6</sys_id>
        <sys_mod_count>0</sys_mod_count>
        <sys_name/>
        <sys_package display_value="task creation app" source="x_916786_task_crea">1afd861c97b22110b180b466f053af3f</sys_package>
        <sys_policy/>
        <sys_scope display_value="task creation app">1afd861c97b22110b180b466f053af3f</sys_scope>
        <sys_update_name/>
        <sys_updated_by>admin</sys_updated_by>
        <sys_updated_on>2023-05-10 10:34:51</sys_updated_on>
        <url/>
        <url_target/>
    </sys_documentation>
    <sys_documentation action="INSERT_OR_UPDATE">
        <element>current</element>
        <help/>
        <hint/>
        <label>Record</label>
        <language>en</language>
        <name>var__m_sys_hub_flow_input_07e256d497f22110b180b466f053afb2</name>
        <plural/>
        <sys_class_name>sys_documentation</sys_class_name>
        <sys_created_by>admin</sys_created_by>
        <sys_created_on>2023-05-10 10:34:51</sys_created_on>
        <sys_id>e7a6de1c97f22110b180b466f053afaf</sys_id>
        <sys_mod_count>0</sys_mod_count>
        <sys_name/>
        <sys_package display_value="task creation app" source="x_916786_task_crea">1afd861c97b22110b180b466f053af3f</sys_package>
        <sys_policy/>
        <sys_scope display_value="task creation app">1afd861c97b22110b180b466f053af3f</sys_scope>
        <sys_update_name/>
        <sys_updated_by>admin</sys_updated_by>
        <sys_updated_on>2023-05-10 10:34:51</sys_updated_on>
        <url/>
        <url_target/>
    </sys_documentation>
    <sys_choice action="delete_multiple" query="name=var__m_sys_hub_flow_input_07e256d497f22110b180b466f053afb2"/>
    <sys_documentation action="delete_multiple" query="name=var__m_sys_hub_flow_output_07e256d497f22110b180b466f053afb2"/>
    <sys_choice action="delete_multiple" query="name=var__m_sys_hub_flow_output_07e256d497f22110b180b466f053afb2"/>
    <sys_flow_trigger_plan action="delete_multiple" query="plan_id=07e256d497f22110b180b466f053afb2^sys_idNOT INe963121897f22110b180b466f053af83"/>
    <sys_flow_trigger_plan action="INSERT_OR_UPDATE">
        <binding_strategy>com.snc.process_flow.engine.binding.OncePerRecord</binding_strategy>
        <plan>{"persistor":{"@class":".ChunkingPlanPersistor","table":"sys_flow_trigger_plan","id":"e963121897f22110b180b466f053af83","name":"plan","plan_signature":null}}</plan>
        <plan_id>07e256d497f22110b180b466f053afb2</plan_id>
        <snapshot>5563121897f22110b180b466f053af14</snapshot>
        <sys_created_by>admin</sys_created_by>
        <sys_created_on>2023-05-10 10:20:31</sys_created_on>
        <sys_domain>global</sys_domain>
        <sys_domain_path>/</sys_domain_path>
        <sys_id>e963121897f22110b180b466f053af83</sys_id>
        <sys_mod_count>8</sys_mod_count>
        <sys_overrides/>
        <sys_scope/>
        <sys_updated_by>admin</sys_updated_by>
        <sys_updated_on>2023-05-10 12:51:31</sys_updated_on>
        <trigger display_value="">e5f5761097b62110b180b466f053af91</trigger>
    </sys_flow_trigger_plan>
    <sys_flow_subflow_plan action="delete_multiple" query="plan_id=07e256d497f22110b180b466f053afb2"/>
    <sys_hub_flow_snapshot action="INSERT_OR_UPDATE">
        <access>public</access>
        <acls/>
        <active>true</active>
        <annotation/>
        <callable_by_client_api>false</callable_by_client_api>
        <category/>
        <copied_from/>
        <copied_from_name/>
        <description/>
        <internal_name>record_updation</internal_name>
        <label_cache>[{"name":"Created_1.current.number","label":"Trigger - Record Created➛Catalog Task Record➛Number","reference":"","reference_display":"Number","type":"string","base_type":"string","parent_table_name":"sc_task","column_name":"number"},{"name":"Created_1.current","label":"Trigger - Record Created➛Catalog Task Record","reference":"sc_task","reference_display":"Catalog Task","type":"reference","base_type":"reference","attributes":{}},{"name":"f65c2140-1803-45a6-a1d2-4058391c6109.__dont_treat_as_error__","label":"1 - Look Up Record➛Don\u0027t Treat as Error","reference_display":"Don\u0027t Treat as Error","type":"boolean","base_type":"boolean","attributes":{"uiType":"boolean","visible_in_ui":"false","action_error_output":"true","element_mapping_provider":"com.glide.flow_design.action.data.FlowDesignVariableMapper"}},{"name":"f65c2140-1803-45a6-a1d2-4058391c6109.__action_status__","label":"1 - Look Up Record➛Action Status","reference_display":"Action Status","type":"object","base_type":"object","attributes":{"uiType":"object","co_type_name":"FDACTIONSTATUS","action_error_output":"true","element_mapping_provider":"com.glide.flow_design.action.data.FlowDesignVariableMapper"}},{"name":"f65c2140-1803-45a6-a1d2-4058391c6109.error_message","label":"1 - Look Up Record➛Error Message","reference_display":"Error Message","type":"string","base_type":"string","attributes":{"uiType":"string","uiTypeLabel":"String","element_mapping_provider":"com.glide.flow_design.action.data.FlowDesignVariableMapper","pwd2droppable":"true","uiUniqueId":"87687532-9e3d-4497-a88e-90f45bfb9adb"}},{"name":"f65c2140-1803-45a6-a1d2-4058391c6109.status","label":"1 - Look Up Record➛Status","reference_display":"Status","type":"choice","base_type":"choice","choices":[{"label":"Error","value":"1","order":0.0},{"label":"Success","value":"0","order":1.0}],"attributes":{"uiType":"choice","uiTypeLabel":"Choice","element_mapping_provider":"com.glide.flow_design.action.data.FlowDesignVariableMapper","uiUniqueId":"5e478657-3a84-4a60-a92b-d3e80005ad34"}},{"name":"f65c2140-1803-45a6-a1d2-4058391c6109.Table","label":"1 - Look Up Record➛Catalog Task Table","reference":"sc_task","reference_display":"Catalog Task","type":"table_name","base_type":"table_name","attributes":{"element_mapping_provider":"com.glide.flow_design.action.data.FlowDesignVariableMapper"}},{"name":"f65c2140-1803-45a6-a1d2-4058391c6109.Record","label":"1 - Look Up Record➛Catalog Task Record","reference":"sc_task","reference_display":"Catalog Task","type":"reference","base_type":"reference","attributes":{"element_mapping_provider":"com.glide.flow_design.action.data.FlowDesignVariableMapper"}},{"name":"2396c191-5491-4f0a-817c-718eefec28dc.__dont_treat_as_error__","label":"1 - Update Record➛Don\u0027t Treat as Error","reference_display":"Don\u0027t Treat as Error","type":"boolean","base_type":"boolean","attributes":{"uiType":"boolean","visible_in_ui":"false","action_error_output":"true","element_mapping_provider":"com.glide.flow_design.action.data.FlowDesignVariableMapper"}},{"name":"2396c191-5491-4f0a-817c-718eefec28dc.__action_status__","label":"1 - Update Record➛Action Status","reference_display":"Action Status","type":"object","base_type":"object","attributes":{"uiType":"object","co_type_name":"FDACTIONSTATUS","action_error_output":"true","element_mapping_provider":"com.glide.flow_design.action.data.FlowDesignVariableMapper"}},{"name":"2396c191-5491-4f0a-817c-718eefec28dc.table_name","label":"1 - Update Record➛Catalog Task Table","reference":"sc_task","reference_display":"Catalog Task","type":"table_name","base_type":"table_name","attributes":{"element_mapping_provider":"com.glide.flow_design.action.data.FlowDesignVariableMapper"}},{"name":"2396c191-5491-4f0a-817c-718eefec28dc.record","label":"1 - Update Record➛Catalog Task Record","reference":"sc_task","reference_display":"Catalog Task","type":"reference","base_type":"reference","attributes":{"element_mapping_provider":"com.glide.flow_design.action.data.FlowDesignVariableMapper"}}]</label_cache>
        <master>true</master>
        <name>record updation</name>
        <natlang/>
        <outputs/>
        <parent_flow display_value="record updation">07e256d497f22110b180b466f053afb2</parent_flow>
        <remote_trigger_id/>
        <run_as>user</run_as>
        <run_with_roles name="activity_admin">b453c203c3213100ad408039dfba8fb0</run_with_roles>
        <sc_callable>false</sc_callable>
        <status>published</status>
        <sys_class_name>sys_hub_flow_snapshot</sys_class_name>
        <sys_created_by>admin</sys_created_by>
        <sys_created_on>2023-05-10 10:20:30</sys_created_on>
        <sys_domain>global</sys_domain>
        <sys_domain_path>/</sys_domain_path>
        <sys_id>5563121897f22110b180b466f053af14</sys_id>
        <sys_mod_count>8</sys_mod_count>
        <sys_name/>
        <sys_overrides/>
        <sys_package/>
        <sys_policy>read</sys_policy>
        <sys_scope display_value="task creation app">1afd861c97b22110b180b466f053af3f</sys_scope>
        <sys_update_name/>
        <sys_updated_by>admin</sys_updated_by>
        <sys_updated_on>2023-05-10 12:51:30</sys_updated_on>
        <type>flow</type>
    </sys_hub_flow_snapshot>
    <sys_translated_text action="delete_multiple" query="documentkey=5563121897f22110b180b466f053af14"/>
    <sys_variable_value action="delete_multiple" query="document_key=5563121897f22110b180b466f053af14"/>
    <sys_hub_trigger_instance action="delete_multiple" query="flow=5563121897f22110b180b466f053af14^sys_idNOT INed63121897f22110b180b466f053af5f"/>
    <sys_hub_trigger_instance action="INSERT_OR_UPDATE">
        <comment/>
        <display_text/>
        <flow display_value="record updation">5563121897f22110b180b466f053af14</flow>
        <name>Created</name>
        <remote_sys_id/>
        <sys_created_by>admin</sys_created_by>
        <sys_created_on>2023-05-10 10:20:30</sys_created_on>
        <sys_id>ed63121897f22110b180b466f053af5f</sys_id>
        <sys_mod_count>28</sys_mod_count>
        <sys_scope/>
        <sys_updated_by>admin</sys_updated_by>
        <sys_updated_on>2023-05-10 12:51:31</sys_updated_on>
        <trigger_definition display_value="Created">798916a0c31322002841b63b12d3ae7c</trigger_definition>
        <trigger_inputs/>
        <trigger_outputs/>
        <trigger_type>record_create</trigger_type>
    </sys_hub_trigger_instance>
    <sys_variable_value action="delete_multiple" query="document_key=ed63121897f22110b180b466f053af5f"/>
    <sys_variable_value action="INSERT_OR_UPDATE">
        <document>sys_hub_trigger_instance</document>
        <document_key>ed63121897f22110b180b466f053af5f</document_key>
        <order>1</order>
        <sys_class_name>sys_variable_value</sys_class_name>
        <sys_created_by>admin</sys_created_by>
        <sys_created_on>2023-05-10 10:47:07</sys_created_on>
        <sys_id>1379165097362110b180b466f053afb8</sys_id>
        <sys_mod_count>0</sys_mod_count>
        <sys_updated_by>admin</sys_updated_by>
        <sys_updated_on>2023-05-10 10:47:07</sys_updated_on>
        <value>sc_task</value>
        <variable display_value="Table">cfca92e0c31322002841b63b12d3ae00</variable>
    </sys_variable_value>
    <sys_variable_value action="INSERT_OR_UPDATE">
        <document>sys_hub_trigger_instance</document>
        <document_key>ed63121897f22110b180b466f053af5f</document_key>
        <order>1</order>
        <sys_class_name>sys_variable_value</sys_class_name>
        <sys_created_by>admin</sys_created_by>
        <sys_created_on>2023-05-10 10:20:30</sys_created_on>
        <sys_id>2963121897f22110b180b466f053af61</sys_id>
        <sys_mod_count>0</sys_mod_count>
        <sys_updated_by>admin</sys_updated_by>
        <sys_updated_on>2023-05-10 10:20:30</sys_updated_on>
        <value>incident</value>
        <variable display_value="Table">cf1e1980c32222002841b63b12d3aea0</variable>
    </sys_variable_value>
    <sys_variable_value action="INSERT_OR_UPDATE">
        <document>sys_hub_trigger_instance</document>
        <document_key>ed63121897f22110b180b466f053af5f</document_key>
        <order>1</order>
        <sys_class_name>sys_variable_value</sys_class_name>
        <sys_created_by>admin</sys_created_by>
        <sys_created_on>2023-05-10 10:34:57</sys_created_on>
        <sys_id>5db6525c97f22110b180b466f053af2b</sys_id>
        <sys_mod_count>0</sys_mod_count>
        <sys_updated_by>admin</sys_updated_by>
        <sys_updated_on>2023-05-10 10:34:57</sys_updated_on>
        <value>incident</value>
        <variable display_value="Table">1dda12e0c31322002841b63b12d3aea8</variable>
    </sys_variable_value>
    <sys_variable_value action="INSERT_OR_UPDATE">
        <document>sys_hub_trigger_instance</document>
        <document_key>ed63121897f22110b180b466f053af5f</document_key>
        <order>100</order>
        <sys_class_name>sys_variable_value</sys_class_name>
        <sys_created_by>admin</sys_created_by>
        <sys_created_on>2023-05-10 10:47:07</sys_created_on>
        <sys_id>5f79165097362110b180b466f053afb7</sys_id>
        <sys_mod_count>0</sys_mod_count>
        <sys_updated_by>admin</sys_updated_by>
        <sys_updated_on>2023-05-10 10:47:07</sys_updated_on>
        <value>short_description=Task creation using incident - scoped app</value>
        <variable display_value="Condition">66aadea0c31322002841b63b12d3aebf</variable>
    </sys_variable_value>
    <sys_variable_value action="INSERT_OR_UPDATE">
        <document>sys_hub_trigger_instance</document>
        <document_key>ed63121897f22110b180b466f053af5f</document_key>
        <order>100</order>
        <sys_class_name>sys_variable_value</sys_class_name>
        <sys_created_by>admin</sys_created_by>
        <sys_created_on>2023-05-10 10:20:30</sys_created_on>
        <sys_id>6563121897f22110b180b466f053af61</sys_id>
        <sys_mod_count>0</sys_mod_count>
        <sys_updated_by>admin</sys_updated_by>
        <sys_updated_on>2023-05-10 10:20:30</sys_updated_on>
        <value>^EQ</value>
        <variable display_value="Condition">707dd180c32222002841b63b12d3aecb</variable>
    </sys_variable_value>
    <sys_variable_value action="INSERT_OR_UPDATE">
        <document>sys_hub_trigger_instance</document>
        <document_key>ed63121897f22110b180b466f053af5f</document_key>
        <order>100</order>
        <sys_class_name>sys_variable_value</sys_class_name>
        <sys_created_by>admin</sys_created_by>
        <sys_created_on>2023-05-10 10:34:57</sys_created_on>
        <sys_id>99b6525c97f22110b180b466f053af2b</sys_id>
        <sys_mod_count>1</sys_mod_count>
        <sys_updated_by>admin</sys_updated_by>
        <sys_updated_on>2023-05-10 10:42:36</sys_updated_on>
        <value>active=false</value>
        <variable display_value="Condition">bb9adea0c31322002841b63b12d3ae67</variable>
    </sys_variable_value>
    <sys_hub_flow_stage action="delete_multiple" query="flow=5563121897f22110b180b466f053af14"/>
    <sys_flow_cat_variable_model action="delete_multiple" query="id=5563121897f22110b180b466f053af14^sys_idNOT IN5163121897f22110b180b466f053af15"/>
    <sys_flow_cat_variable_model action="INSERT_OR_UPDATE">
        <id>5563121897f22110b180b466f053af14</id>
        <name>record updation</name>
        <sys_created_by>admin</sys_created_by>
        <sys_created_on>2023-05-10 10:20:30</sys_created_on>
        <sys_id>5163121897f22110b180b466f053af15</sys_id>
        <sys_mod_count>0</sys_mod_count>
        <sys_scope/>
        <sys_updated_by>admin</sys_updated_by>
        <sys_updated_on>2023-05-10 10:20:30</sys_updated_on>
    </sys_flow_cat_variable_model>
    <sys_flow_cat_variable action="delete_multiple" query="flow_catalog_model=5163121897f22110b180b466f053af15"/>
    <sys_hub_flow_input action="delete_multiple" query="model=5563121897f22110b180b466f053af14^sys_idNOT IN1963121897f22110b180b466f053af42,9163121897f22110b180b466f053af16"/>
    <sys_hub_flow_input action="INSERT_OR_UPDATE">
        <active>true</active>
        <array>false</array>
        <array_denormalized>false</array_denormalized>
        <attributes>element_mapping_provider=com.glide.flow_design.action.data.FlowDesignVariableMapper,test_input_hidden=true,uiType=table_name</attributes>
        <audit>false</audit>
        <calculation><![CDATA[(function calculatedFieldValue(current) {

	// Add your code here
	return '';  // return the calculated value

})(current);]]></calculation>
        <choice/>
        <choice_field/>
        <choice_table/>
        <column_label/>
        <comments/>
        <create_roles/>
        <default_value/>
        <defaultsort/>
        <delete_roles/>
        <dependent/>
        <dependent_on_field/>
        <display>false</display>
        <dynamic_creation>false</dynamic_creation>
        <dynamic_creation_script/>
        <dynamic_default_value/>
        <dynamic_ref_qual/>
        <element>table_name</element>
        <element_reference>false</element_reference>
        <foreign_database/>
        <formula/>
        <function_definition/>
        <function_field>false</function_field>
        <help/>
        <hint/>
        <internal_type display_value="">table_name</internal_type>
        <label>Table Name</label>
        <mandatory>false</mandatory>
        <max_length>200</max_length>
        <model display_value="record updation">5563121897f22110b180b466f053af14</model>
        <model_id>5563121897f22110b180b466f053af14</model_id>
        <model_table>sys_hub_flow_snapshot</model_table>
        <name>var__m_sys_hub_flow_input_5563121897f22110b180b466f053af14</name>
        <next_element/>
        <order>101</order>
        <primary>false</primary>
        <read_only>false</read_only>
        <read_roles/>
        <reference/>
        <reference_cascade_rule/>
        <reference_floats>false</reference_floats>
        <reference_key/>
        <reference_qual/>
        <reference_qual_condition/>
        <reference_type/>
        <sizeclass/>
        <spell_check>false</spell_check>
        <staged>false</staged>
        <sys_class_name>sys_hub_flow_input</sys_class_name>
        <sys_created_by>admin</sys_created_by>
        <sys_created_on>2023-05-10 10:20:30</sys_created_on>
        <sys_id>1963121897f22110b180b466f053af42</sys_id>
        <sys_mod_count>16</sys_mod_count>
        <sys_name/>
        <sys_package/>
        <sys_policy>read</sys_policy>
        <sys_scope display_value="task creation app">1afd861c97b22110b180b466f053af3f</sys_scope>
        <sys_update_name/>
        <sys_updated_by>admin</sys_updated_by>
        <sys_updated_on>2023-05-10 12:51:30</sys_updated_on>
        <table_reference>false</table_reference>
        <text_index>false</text_index>
        <unique>false</unique>
        <use_dependent_field>false</use_dependent_field>
        <use_dynamic_default>false</use_dynamic_default>
        <use_reference_qualifier>simple</use_reference_qualifier>
        <virtual>false</virtual>
        <virtual_type>script</virtual_type>
        <widget/>
        <write_roles/>
        <xml_view>false</xml_view>
    </sys_hub_flow_input>
    <sys_hub_flow_input action="INSERT_OR_UPDATE">
        <active>true</active>
        <array>false</array>
        <array_denormalized>false</array_denormalized>
        <attributes>element_mapping_provider=com.glide.flow_design.action.data.FlowDesignVariableMapper,uiType=document_id</attributes>
        <audit>false</audit>
        <calculation><![CDATA[(function calculatedFieldValue(current) {

	// Add your code here
	return '';  // return the calculated value

})(current);]]></calculation>
        <choice/>
        <choice_field/>
        <choice_table/>
        <column_label/>
        <comments/>
        <create_roles/>
        <default_value/>
        <defaultsort/>
        <delete_roles/>
        <dependent>table_name</dependent>
        <dependent_on_field>table_name</dependent_on_field>
        <display>false</display>
        <dynamic_creation>false</dynamic_creation>
        <dynamic_creation_script/>
        <dynamic_default_value/>
        <dynamic_ref_qual/>
        <element>current</element>
        <element_reference>false</element_reference>
        <foreign_database/>
        <formula/>
        <function_definition/>
        <function_field>false</function_field>
        <help/>
        <hint/>
        <internal_type display_value="">document_id</internal_type>
        <label>Record</label>
        <mandatory>true</mandatory>
        <max_length>200</max_length>
        <model display_value="record updation">5563121897f22110b180b466f053af14</model>
        <model_id>5563121897f22110b180b466f053af14</model_id>
        <model_table>sys_hub_flow_snapshot</model_table>
        <name>var__m_sys_hub_flow_input_5563121897f22110b180b466f053af14</name>
        <next_element/>
        <order>100</order>
        <primary>false</primary>
        <read_only>false</read_only>
        <read_roles/>
        <reference/>
        <reference_cascade_rule/>
        <reference_floats>false</reference_floats>
        <reference_key/>
        <reference_qual/>
        <reference_qual_condition/>
        <reference_type/>
        <sizeclass/>
        <spell_check>false</spell_check>
        <staged>false</staged>
        <sys_class_name>sys_hub_flow_input</sys_class_name>
        <sys_created_by>admin</sys_created_by>
        <sys_created_on>2023-05-10 10:20:30</sys_created_on>
        <sys_id>9163121897f22110b180b466f053af16</sys_id>
        <sys_mod_count>16</sys_mod_count>
        <sys_name/>
        <sys_package/>
        <sys_policy>read</sys_policy>
        <sys_scope display_value="task creation app">1afd861c97b22110b180b466f053af3f</sys_scope>
        <sys_update_name/>
        <sys_updated_by>admin</sys_updated_by>
        <sys_updated_on>2023-05-10 12:51:30</sys_updated_on>
        <table_reference>false</table_reference>
        <text_index>false</text_index>
        <unique>false</unique>
        <use_dependent_field>true</use_dependent_field>
        <use_dynamic_default>false</use_dynamic_default>
        <use_reference_qualifier>simple</use_reference_qualifier>
        <virtual>false</virtual>
        <virtual_type>script</virtual_type>
        <widget/>
        <write_roles/>
        <xml_view>false</xml_view>
    </sys_hub_flow_input>
    <sys_hub_flow_output action="delete_multiple" query="model=5563121897f22110b180b466f053af14"/>
    <sys_hub_alias_mapping action="delete_multiple" query="source_id=5563121897f22110b180b466f053af14"/>
    <sys_hub_action_instance action="delete_multiple" query="flow=5563121897f22110b180b466f053af14^sys_idNOT INed63121897f22110b180b466f053af5d"/>
    <sys_hub_action_instance action="INSERT_OR_UPDATE">
        <action_inputs/>
        <action_inputs/>
        <action_type display_value="Update Record">f9d01dd2c31332002841b63b12d3aea1</action_type>
        <action_type_parent display_value="Update Record">baf174c8c3c232002841b63b12d3aee4</action_type_parent>
        <comment/>
        <display_text/>
        <flow display_value="record updation">5563121897f22110b180b466f053af14</flow>
        <order>1</order>
        <parent_ui_id/>
        <sys_class_name>sys_hub_action_instance</sys_class_name>
        <sys_created_by>admin</sys_created_by>
        <sys_created_on>2023-05-10 10:20:30</sys_created_on>
        <sys_id>ed63121897f22110b180b466f053af5d</sys_id>
        <sys_mod_count>34</sys_mod_count>
        <sys_scope display_value="task creation app">1afd861c97b22110b180b466f053af3f</sys_scope>
        <sys_updated_by>admin</sys_updated_by>
        <sys_updated_on>2023-05-10 12:51:30</sys_updated_on>
        <ui_id>2396c191-5491-4f0a-817c-718eefec28dc</ui_id>
    </sys_hub_action_instance>
    <sys_variable_value action="delete_multiple" query="document_key=ed63121897f22110b180b466f053af5d"/>
    <sys_variable_value action="INSERT_OR_UPDATE">
        <document>sys_hub_action_instance</document>
        <document_key>ed63121897f22110b180b466f053af5d</document_key>
        <order>100</order>
        <sys_class_name>sys_variable_value</sys_class_name>
        <sys_created_by>admin</sys_created_by>
        <sys_created_on>2023-05-10 10:20:30</sys_created_on>
        <sys_id>2963121897f22110b180b466f053af5f</sys_id>
        <sys_mod_count>1</sys_mod_count>
        <sys_updated_by>admin</sys_updated_by>
        <sys_updated_on>2023-05-10 10:50:47</sys_updated_on>
        <value/>
        <variable display_value="Fields">02d01916c31332002841b63b12d3aeee</variable>
    </sys_variable_value>
    <sys_variable_value action="INSERT_OR_UPDATE">
        <document>sys_hub_action_instance</document>
        <document_key>ed63121897f22110b180b466f053af5d</document_key>
        <order>50</order>
        <sys_class_name>sys_variable_value</sys_class_name>
        <sys_created_by>admin</sys_created_by>
        <sys_created_on>2023-05-10 10:20:30</sys_created_on>
        <sys_id>e963121897f22110b180b466f053af5f</sys_id>
        <sys_mod_count>0</sys_mod_count>
        <sys_updated_by>admin</sys_updated_by>
        <sys_updated_on>2023-05-10 10:20:30</sys_updated_on>
        <value>sc_task</value>
        <variable display_value="Table">b5d01916c31332002841b63b12d3aec9</variable>
    </sys_variable_value>
    <sys_element_mapping action="delete_multiple" query="id=ed63121897f22110b180b466f053af5d"/>
    <sys_element_mapping action="INSERT_OR_UPDATE">
        <field>record</field>
        <id>ed63121897f22110b180b466f053af5d</id>
        <sys_created_by>admin</sys_created_by>
        <sys_created_on>2023-05-10 10:20:30</sys_created_on>
        <sys_id>a563121897f22110b180b466f053af5f</sys_id>
        <sys_mod_count>1</sys_mod_count>
        <sys_updated_by>admin</sys_updated_by>
        <sys_updated_on>2023-05-10 10:48:41</sys_updated_on>
        <table>var__m_sys_hub_action_input_f9d01dd2c31332002841b63b12d3aea1</table>
        <value>{{Created_1.current}}</value>
    </sys_element_mapping>
    <sys_element_mapping action="INSERT_OR_UPDATE">
        <field>table_name</field>
        <id>ed63121897f22110b180b466f053af5d</id>
        <sys_created_by>admin</sys_created_by>
        <sys_created_on>2023-05-10 10:20:30</sys_created_on>
        <sys_id>2163121897f22110b180b466f053af5f</sys_id>
        <sys_mod_count>0</sys_mod_count>
        <sys_updated_by>admin</sys_updated_by>
        <sys_updated_on>2023-05-10 10:20:30</sys_updated_on>
        <table>var__m_sys_hub_action_input_f9d01dd2c31332002841b63b12d3aea1</table>
        <value/>
    </sys_element_mapping>
    <sys_element_mapping action="INSERT_OR_UPDATE">
        <field>values</field>
        <id>ed63121897f22110b180b466f053af5d</id>
        <sys_created_by>admin</sys_created_by>
        <sys_created_on>2023-05-10 10:20:30</sys_created_on>
        <sys_id>e163121897f22110b180b466f053af5f</sys_id>
        <sys_mod_count>2</sys_mod_count>
        <sys_updated_by>admin</sys_updated_by>
        <sys_updated_on>2023-05-10 11:48:48</sys_updated_on>
        <table>var__m_sys_hub_action_input_f9d01dd2c31332002841b63b12d3aea1</table>
        <value>work_notes=work notes updated by "record updation flow" 
Task number : {{Created_1.current.number}}</value>
    </sys_element_mapping>
    <sys_hub_input_scripts action="delete_multiple" query="instance=ed63121897f22110b180b466f053af5d"/>
    <sys_hub_alias_mapping action="delete_multiple" query="source_id=ed63121897f22110b180b466f053af5d"/>
    <sys_hub_sub_flow_instance action="delete_multiple" query="flow=5563121897f22110b180b466f053af14"/>
    <sys_hub_flow_logic action="delete_multiple" query="flow=5563121897f22110b180b466f053af14"/>
    <sys_hub_pill_compound action="delete_multiple" query="attached_to=5563121897f22110b180b466f053af14"/>
    <sys_hub_flow_variable action="delete_multiple" query="model=5563121897f22110b180b466f053af14"/>
    <sys_documentation action="delete_multiple" query="name=var__m_sys_hub_flow_input_5563121897f22110b180b466f053af14^sys_idNOT IN1963121897f22110b180b466f053af2a,9d63121897f22110b180b466f053af46"/>
    <sys_documentation action="INSERT_OR_UPDATE">
        <element>current</element>
        <help/>
        <hint/>
        <label>Record</label>
        <language>en</language>
        <name>var__m_sys_hub_flow_input_5563121897f22110b180b466f053af14</name>
        <plural/>
        <sys_class_name>sys_documentation</sys_class_name>
        <sys_created_by>admin</sys_created_by>
        <sys_created_on>2023-05-10 10:20:30</sys_created_on>
        <sys_id>1963121897f22110b180b466f053af2a</sys_id>
        <sys_mod_count>0</sys_mod_count>
        <sys_name/>
        <sys_package display_value="task creation app" source="x_916786_task_crea">1afd861c97b22110b180b466f053af3f</sys_package>
        <sys_policy/>
        <sys_scope display_value="task creation app">1afd861c97b22110b180b466f053af3f</sys_scope>
        <sys_update_name/>
        <sys_updated_by>admin</sys_updated_by>
        <sys_updated_on>2023-05-10 10:20:30</sys_updated_on>
        <url/>
        <url_target/>
    </sys_documentation>
    <sys_documentation action="INSERT_OR_UPDATE">
        <element>table_name</element>
        <help/>
        <hint/>
        <label>Table Name</label>
        <language>en</language>
        <name>var__m_sys_hub_flow_input_5563121897f22110b180b466f053af14</name>
        <plural/>
        <sys_class_name>sys_documentation</sys_class_name>
        <sys_created_by>admin</sys_created_by>
        <sys_created_on>2023-05-10 10:20:30</sys_created_on>
        <sys_id>9d63121897f22110b180b466f053af46</sys_id>
        <sys_mod_count>0</sys_mod_count>
        <sys_name/>
        <sys_package display_value="task creation app" source="x_916786_task_crea">1afd861c97b22110b180b466f053af3f</sys_package>
        <sys_policy/>
        <sys_scope display_value="task creation app">1afd861c97b22110b180b466f053af3f</sys_scope>
        <sys_update_name/>
        <sys_updated_by>admin</sys_updated_by>
        <sys_updated_on>2023-05-10 10:20:30</sys_updated_on>
        <url/>
        <url_target/>
    </sys_documentation>
    <sys_choice action="delete_multiple" query="name=var__m_sys_hub_flow_input_5563121897f22110b180b466f053af14"/>
    <sys_documentation action="delete_multiple" query="name=var__m_sys_hub_flow_output_5563121897f22110b180b466f053af14"/>
    <sys_choice action="delete_multiple" query="name=var__m_sys_hub_flow_output_5563121897f22110b180b466f053af14"/>
    <sys_hub_flow action="UPDATE">
        <sys_id>07e256d497f22110b180b466f053afb2</sys_id>
        <latest_snapshot>5563121897f22110b180b466f053af14</latest_snapshot>
        <compiler_build>glide-tokyo-07-08-2022__patch4a-01-03-2023_01-11-2023_0813.zip</compiler_build>
    </sys_hub_flow>
</record_update>
