<?xml version="1.0" encoding="UTF-8"?><record_update sys_domain="global" table="sys_hub_action_type_definition">
    <sys_hub_action_type_definition action="INSERT_OR_UPDATE">
        <access>package_private</access>
        <acls/>
        <action_status/>
        <action_template/>
        <active>true</active>
        <annotation/>
        <callable_by_client_api>false</callable_by_client_api>
        <category/>
        <copied_from/>
        <copied_from_name/>
        <description/>
        <ih_action>false</ih_action>
        <internal_name>custom_action_demo</internal_name>
        <label_cache>[]</label_cache>
        <master_snapshot>b41a5314973a2110b180b466f053aff4</master_snapshot>
        <name>custom action demo</name>
        <natlang/>
        <outputs/>
        <pre_compiled>false</pre_compiled>
        <state>published</state>
        <sys_class_name>sys_hub_action_type_definition</sys_class_name>
        <sys_created_by>admin</sys_created_by>
        <sys_created_on>2023-05-10 15:28:37</sys_created_on>
        <sys_domain>global</sys_domain>
        <sys_domain_path>/</sys_domain_path>
        <sys_id>c7e91fd0973a2110b180b466f053afcf</sys_id>
        <sys_mod_count>6</sys_mod_count>
        <sys_name>custom action demo</sys_name>
        <sys_overrides/>
        <sys_package display_value="task creation app" source="x_916786_task_crea">1afd861c97b22110b180b466f053af3f</sys_package>
        <sys_policy>read</sys_policy>
        <sys_scope display_value="task creation app">1afd861c97b22110b180b466f053af3f</sys_scope>
        <sys_update_name>sys_hub_action_type_definition_c7e91fd0973a2110b180b466f053afcf</sys_update_name>
        <sys_updated_by>admin</sys_updated_by>
        <sys_updated_on>2023-05-10 15:29:18</sys_updated_on>
        <system_level>false</system_level>
        <type/>
    </sys_hub_action_type_definition>
    <sys_translated_text action="delete_multiple" query="documentkey=c7e91fd0973a2110b180b466f053afcf"/>
    <sys_variable_value action="delete_multiple" query="document_key=c7e91fd0973a2110b180b466f053afcf"/>
    <sys_variable_value action="INSERT_OR_UPDATE">
        <document>sys_hub_action_type_definition</document>
        <document_key>c7e91fd0973a2110b180b466f053afcf</document_key>
        <order>1</order>
        <sys_class_name>sys_variable_value</sys_class_name>
        <sys_created_by>admin</sys_created_by>
        <sys_created_on>2023-05-10 15:29:15</sys_created_on>
        <sys_id>401a5314973a2110b180b466f053af66</sys_id>
        <sys_mod_count>0</sys_mod_count>
        <sys_updated_by>admin</sys_updated_by>
        <sys_updated_on>2023-05-10 15:29:15</sys_updated_on>
        <value>{"version":"1.0","complexObject":{},"serializationFormat":"JSON","complexObjectSchema":{"FlowDesigner:FDACTIONSTATUS":{},"FlowDesigner:FDACTIONSTATUS.$type_facets":{"SimpleMapFacet":"{\"sourceId\":\"\",\"default_value\":\"\",\"label\":\"Action Status\",\"action_error_output\":\"true\",\"mandatory\":\"false\",\"uiUniqueId\":\"8170928b-5a18-490e-9da7-45e9e678635a\",\"uiTypeLabel\":\"Object\",\"co_type_name\":\"FDACTIONSTATUS\",\"element_mapping_provider\":\"com.glide.flow_design.action.data.FlowDesignVariableMapper\",\"read_only\":\"false\",\"sourceUiUniqueId\":\"\",\"sourceType\":\"\",\"hint\":\"\",\"uiType\":\"object\",\"order\":\"1\",\"max_length\":\"65000\"}"}}}</value>
        <variable display_value="Action Status">481a5314973a2110b180b466f053af56</variable>
    </sys_variable_value>
    <sys_variable_value action="INSERT_OR_UPDATE">
        <document>sys_hub_action_type_definition</document>
        <document_key>c7e91fd0973a2110b180b466f053afcf</document_key>
        <order>2</order>
        <sys_class_name>sys_variable_value</sys_class_name>
        <sys_created_by>admin</sys_created_by>
        <sys_created_on>2023-05-10 15:29:15</sys_created_on>
        <sys_id>8c1a5314973a2110b180b466f053af65</sys_id>
        <sys_mod_count>0</sys_mod_count>
        <sys_updated_by>admin</sys_updated_by>
        <sys_updated_on>2023-05-10 15:29:15</sys_updated_on>
        <value>0</value>
        <variable display_value="Don't Treat as Error">801a5314973a2110b180b466f053af5e</variable>
    </sys_variable_value>
    <sys_element_mapping action="delete_multiple" query="table=var__m_sys_hub_action_output_c7e91fd0973a2110b180b466f053afcf^id=c7e91fd0973a2110b180b466f053afcf"/>
    <sys_hub_step_instance action="delete_multiple" query="action=c7e91fd0973a2110b180b466f053afcf^sys_idNOT IN1ef9dbd0973a2110b180b466f053af29"/>
    <sys_hub_step_instance action="INSERT_OR_UPDATE">
        <action display_value="custom action demo">c7e91fd0973a2110b180b466f053afcf</action>
        <cid>0d96b3b9-55f7-418e-bdd7-5048697763df</cid>
        <error_handling_type>1</error_handling_type>
        <extended_inputs/>
        <extended_outputs/>
        <icon/>
        <inputs/>
        <label>Script step</label>
        <order>1</order>
        <outputs/>
        <section/>
        <step_type display_value="Script">106afb6647032200b4fad7527c9a71e7</step_type>
        <sys_created_by>admin</sys_created_by>
        <sys_created_on>2023-05-10 15:28:51</sys_created_on>
        <sys_id>1ef9dbd0973a2110b180b466f053af29</sys_id>
        <sys_mod_count>2</sys_mod_count>
        <sys_scope display_value="task creation app">1afd861c97b22110b180b466f053af3f</sys_scope>
        <sys_updated_by>admin</sys_updated_by>
        <sys_updated_on>2023-05-10 15:29:14</sys_updated_on>
    </sys_hub_step_instance>
    <sys_variable_value action="delete_multiple" query="document_key=1ef9dbd0973a2110b180b466f053af29"/>
    <sys_variable_value action="INSERT_OR_UPDATE">
        <document>sys_hub_step_instance</document>
        <document_key>1ef9dbd0973a2110b180b466f053af29</document_key>
        <order>400</order>
        <sys_class_name>sys_variable_value</sys_class_name>
        <sys_created_by>admin</sys_created_by>
        <sys_created_on>2023-05-10 15:28:51</sys_created_on>
        <sys_id>1ef9dfd0973a2110b180b466f053afc6</sys_id>
        <sys_mod_count>0</sys_mod_count>
        <sys_updated_by>admin</sys_updated_by>
        <sys_updated_on>2023-05-10 15:28:51</sys_updated_on>
        <value>35aa573fd7802200bdbaee5b5e610375</value>
        <variable display_value="MID Application">f5e56d79b3101300176b051a16a8dce4</variable>
    </sys_variable_value>
    <sys_variable_value action="INSERT_OR_UPDATE">
        <document>sys_hub_step_instance</document>
        <document_key>1ef9dbd0973a2110b180b466f053af29</document_key>
        <order>600</order>
        <sys_class_name>sys_variable_value</sys_class_name>
        <sys_created_by>admin</sys_created_by>
        <sys_created_on>2023-05-10 15:28:51</sys_created_on>
        <sys_id>d2f9dfd0973a2110b180b466f053afc7</sys_id>
        <sys_mod_count>1</sys_mod_count>
        <sys_updated_by>admin</sys_updated_by>
        <sys_updated_on>2023-05-10 15:29:14</sys_updated_on>
        <value>(function execute(inputs, outputs) {
// ... code ...
  var varone = "";
})(inputs, outputs);
</value>
        <variable display_value="Script">71aa7f6647032200b4fad7527c9a719b</variable>
    </sys_variable_value>
    <sys_element_mapping action="delete_multiple" query="table=var__m_sys_flow_step_definition_input_106afb6647032200b4fad7527c9a71e7^id=1ef9dbd0973a2110b180b466f053af29"/>
    <sys_hub_step_ext_input action="delete_multiple" query="model=1ef9dbd0973a2110b180b466f053af29"/>
    <sys_hub_step_ext_output action="delete_multiple" query="model=1ef9dbd0973a2110b180b466f053af29"/>
    <sys_hub_input_scripts action="delete_multiple" query="instance=1ef9dbd0973a2110b180b466f053af29"/>
    <sys_documentation action="delete_multiple" query="name=var__m_sys_hub_step_ext_output_1ef9dbd0973a2110b180b466f053af29"/>
    <sys_hub_action_input action="delete_multiple" query="model=c7e91fd0973a2110b180b466f053afcf"/>
    <sys_hub_action_output action="delete_multiple" query="model=c7e91fd0973a2110b180b466f053afcf^sys_idNOT IN481a5314973a2110b180b466f053af56,801a5314973a2110b180b466f053af5e"/>
    <sys_hub_action_output action="INSERT_OR_UPDATE">
        <active>true</active>
        <array>false</array>
        <array_denormalized>false</array_denormalized>
        <attributes>action_error_output=true,co_type_name=FDACTIONSTATUS,element_mapping_provider=com.glide.flow_design.action.data.FlowDesignVariableMapper,uiType=object,uiTypeLabel=Object,uiUniqueId=cdc4750f-0919-44ff-978e-93704abf86f9</attributes>
        <audit>false</audit>
        <calculation><![CDATA[(function calculatedFieldValue(current) {

	// Add your code here
	return '';  // return the calculated value

})(current);]]></calculation>
        <choice/>
        <choice_field/>
        <choice_table/>
        <column_label/>
        <comments/>
        <create_roles/>
        <default_value/>
        <defaultsort/>
        <delete_roles/>
        <dependent/>
        <dependent_on_field/>
        <display>false</display>
        <dynamic_creation>false</dynamic_creation>
        <dynamic_creation_script/>
        <dynamic_default_value/>
        <dynamic_ref_qual/>
        <element>__action_status__</element>
        <element_prototype/>
        <element_reference>false</element_reference>
        <foreign_database/>
        <formula/>
        <function_definition/>
        <function_field>false</function_field>
        <help/>
        <hint/>
        <internal_link/>
        <internal_type display_value="String">string</internal_type>
        <label>Action Status</label>
        <mandatory>false</mandatory>
        <max_length>65000</max_length>
        <model display_value="custom action demo">c7e91fd0973a2110b180b466f053afcf</model>
        <model_id>c7e91fd0973a2110b180b466f053afcf</model_id>
        <model_table>sys_hub_action_type_definition</model_table>
        <name>var__m_sys_hub_action_output_c7e91fd0973a2110b180b466f053afcf</name>
        <next_element/>
        <order>1</order>
        <primary>false</primary>
        <read_only>false</read_only>
        <read_roles/>
        <reference/>
        <reference_cascade_rule/>
        <reference_floats>false</reference_floats>
        <reference_key/>
        <reference_qual/>
        <reference_qual_condition/>
        <reference_type/>
        <sizeclass/>
        <spell_check>false</spell_check>
        <staged>false</staged>
        <sys_class_name>sys_hub_action_output</sys_class_name>
        <sys_created_by>admin</sys_created_by>
        <sys_created_on>2023-05-10 15:29:14</sys_created_on>
        <sys_id>481a5314973a2110b180b466f053af56</sys_id>
        <sys_mod_count>0</sys_mod_count>
        <sys_name/>
        <sys_package/>
        <sys_policy>read</sys_policy>
        <sys_scope display_value="task creation app">1afd861c97b22110b180b466f053af3f</sys_scope>
        <sys_update_name/>
        <sys_updated_by>admin</sys_updated_by>
        <sys_updated_on>2023-05-10 15:29:14</sys_updated_on>
        <table_reference>false</table_reference>
        <text_index>false</text_index>
        <unique>false</unique>
        <use_dependent_field>false</use_dependent_field>
        <use_dynamic_default>false</use_dynamic_default>
        <use_reference_qualifier>simple</use_reference_qualifier>
        <virtual>false</virtual>
        <virtual_type>script</virtual_type>
        <widget/>
        <write_roles/>
        <xml_view>false</xml_view>
    </sys_hub_action_output>
    <sys_hub_action_input_action_instance action="delete_multiple" query="action_input=481a5314973a2110b180b466f053af56"/>
    <sys_hub_input_scripts action="delete_multiple" query="instance=481a5314973a2110b180b466f053af56"/>
    <sys_hub_action_output action="INSERT_OR_UPDATE">
        <active>true</active>
        <array>false</array>
        <array_denormalized>false</array_denormalized>
        <attributes>action_error_output=true,element_mapping_provider=com.glide.flow_design.action.data.FlowDesignVariableMapper,uiType=boolean,uiTypeLabel=True/False,uiUniqueId=72d05d66-b8c7-4af2-8a1f-ebf5703d1a86,visible_in_ui=false</attributes>
        <audit>false</audit>
        <calculation><![CDATA[(function calculatedFieldValue(current) {

	// Add your code here
	return '';  // return the calculated value

})(current);]]></calculation>
        <choice/>
        <choice_field/>
        <choice_table/>
        <column_label/>
        <comments/>
        <create_roles/>
        <default_value>true</default_value>
        <defaultsort/>
        <delete_roles/>
        <dependent/>
        <dependent_on_field/>
        <display>false</display>
        <dynamic_creation>false</dynamic_creation>
        <dynamic_creation_script/>
        <dynamic_default_value/>
        <dynamic_ref_qual/>
        <element>__dont_treat_as_error__</element>
        <element_prototype/>
        <element_reference>false</element_reference>
        <foreign_database/>
        <formula/>
        <function_definition/>
        <function_field>false</function_field>
        <help/>
        <hint/>
        <internal_link/>
        <internal_type display_value="">boolean</internal_type>
        <label>Don't Treat as Error</label>
        <mandatory>false</mandatory>
        <max_length>40</max_length>
        <model display_value="custom action demo">c7e91fd0973a2110b180b466f053afcf</model>
        <model_id>c7e91fd0973a2110b180b466f053afcf</model_id>
        <model_table>sys_hub_action_type_definition</model_table>
        <name>var__m_sys_hub_action_output_c7e91fd0973a2110b180b466f053afcf</name>
        <next_element/>
        <order>2</order>
        <primary>false</primary>
        <read_only>false</read_only>
        <read_roles/>
        <reference/>
        <reference_cascade_rule/>
        <reference_floats>false</reference_floats>
        <reference_key/>
        <reference_qual/>
        <reference_qual_condition/>
        <reference_type/>
        <sizeclass/>
        <spell_check>false</spell_check>
        <staged>false</staged>
        <sys_class_name>sys_hub_action_output</sys_class_name>
        <sys_created_by>admin</sys_created_by>
        <sys_created_on>2023-05-10 15:29:15</sys_created_on>
        <sys_id>801a5314973a2110b180b466f053af5e</sys_id>
        <sys_mod_count>1</sys_mod_count>
        <sys_name/>
        <sys_package/>
        <sys_policy>read</sys_policy>
        <sys_scope display_value="task creation app">1afd861c97b22110b180b466f053af3f</sys_scope>
        <sys_update_name/>
        <sys_updated_by>admin</sys_updated_by>
        <sys_updated_on>2023-05-10 15:29:15</sys_updated_on>
        <table_reference>false</table_reference>
        <text_index>false</text_index>
        <unique>false</unique>
        <use_dependent_field>false</use_dependent_field>
        <use_dynamic_default>false</use_dynamic_default>
        <use_reference_qualifier>simple</use_reference_qualifier>
        <virtual>false</virtual>
        <virtual_type>script</virtual_type>
        <widget/>
        <write_roles/>
        <xml_view>false</xml_view>
    </sys_hub_action_output>
    <sys_hub_action_input_action_instance action="delete_multiple" query="action_input=801a5314973a2110b180b466f053af5e"/>
    <sys_hub_input_scripts action="delete_multiple" query="instance=801a5314973a2110b180b466f053af5e"/>
    <sys_hub_pill_compound action="delete_multiple" query="attached_to=c7e91fd0973a2110b180b466f053afcf"/>
    <sys_hub_action_status_metadata action="delete_multiple" query="action_type_id=c7e91fd0973a2110b180b466f053afcf^sys_idNOT INdaf9dfd0973a2110b180b466f053afca"/>
    <sys_hub_action_status_metadata action="INSERT_OR_UPDATE">
        <action_type_id display_value="custom action demo">c7e91fd0973a2110b180b466f053afcf</action_type_id>
        <sys_created_by>admin</sys_created_by>
        <sys_created_on>2023-05-10 15:28:51</sys_created_on>
        <sys_id>daf9dfd0973a2110b180b466f053afca</sys_id>
        <sys_mod_count>0</sys_mod_count>
        <sys_updated_by>admin</sys_updated_by>
        <sys_updated_on>2023-05-10 15:28:51</sys_updated_on>
    </sys_hub_action_status_metadata>
    <sys_hub_status_condition action="delete_multiple" query="action_status_metadata_id=daf9dfd0973a2110b180b466f053afca"/>
    <sys_documentation action="delete_multiple" query="name=var__m_sys_hub_action_input_c7e91fd0973a2110b180b466f053afcf"/>
    <sys_choice action="delete_multiple" query="name=var__m_sys_hub_action_input_c7e91fd0973a2110b180b466f053afcf"/>
    <sys_documentation action="delete_multiple" query="name=var__m_sys_hub_action_output_c7e91fd0973a2110b180b466f053afcf^sys_idNOT INc01a5314973a2110b180b466f053af63,cc1a5314973a2110b180b466f053af5c"/>
    <sys_documentation action="INSERT_OR_UPDATE">
        <element>__dont_treat_as_error__</element>
        <help/>
        <hint/>
        <label>Don't Treat as Error</label>
        <language>en</language>
        <name>var__m_sys_hub_action_output_c7e91fd0973a2110b180b466f053afcf</name>
        <plural/>
        <sys_class_name>sys_documentation</sys_class_name>
        <sys_created_by>admin</sys_created_by>
        <sys_created_on>2023-05-10 15:29:15</sys_created_on>
        <sys_id>c01a5314973a2110b180b466f053af63</sys_id>
        <sys_mod_count>0</sys_mod_count>
        <sys_name/>
        <sys_package display_value="task creation app" source="x_916786_task_crea">1afd861c97b22110b180b466f053af3f</sys_package>
        <sys_policy/>
        <sys_scope display_value="task creation app">1afd861c97b22110b180b466f053af3f</sys_scope>
        <sys_update_name/>
        <sys_updated_by>admin</sys_updated_by>
        <sys_updated_on>2023-05-10 15:29:15</sys_updated_on>
        <url/>
        <url_target/>
    </sys_documentation>
    <sys_documentation action="INSERT_OR_UPDATE">
        <element>__action_status__</element>
        <help/>
        <hint/>
        <label>Action Status</label>
        <language>en</language>
        <name>var__m_sys_hub_action_output_c7e91fd0973a2110b180b466f053afcf</name>
        <plural/>
        <sys_class_name>sys_documentation</sys_class_name>
        <sys_created_by>admin</sys_created_by>
        <sys_created_on>2023-05-10 15:29:15</sys_created_on>
        <sys_id>cc1a5314973a2110b180b466f053af5c</sys_id>
        <sys_mod_count>0</sys_mod_count>
        <sys_name/>
        <sys_package display_value="task creation app" source="x_916786_task_crea">1afd861c97b22110b180b466f053af3f</sys_package>
        <sys_policy/>
        <sys_scope display_value="task creation app">1afd861c97b22110b180b466f053af3f</sys_scope>
        <sys_update_name/>
        <sys_updated_by>admin</sys_updated_by>
        <sys_updated_on>2023-05-10 15:29:15</sys_updated_on>
        <url/>
        <url_target/>
    </sys_documentation>
    <sys_choice action="delete_multiple" query="name=var__m_sys_hub_action_output_c7e91fd0973a2110b180b466f053afcf"/>
    <sys_hub_action_plan action="delete_multiple" query="action_id=c7e91fd0973a2110b180b466f053afcf^sys_idNOT IN451a9314973a2110b180b466f053af59"/>
    <sys_hub_action_plan action="INSERT_OR_UPDATE">
        <action_id display_value="custom action demo">c7e91fd0973a2110b180b466f053afcf</action_id>
        <plan>{"persistor":{"@class":".ChunkingPlanPersistor","table":"sys_hub_action_plan","id":"451a9314973a2110b180b466f053af59","name":"plan","plan_signature":null}}</plan>
        <snapshot>381a9314973a2110b180b466f053af27</snapshot>
        <sys_created_by>admin</sys_created_by>
        <sys_created_on>2023-05-10 15:29:19</sys_created_on>
        <sys_domain>global</sys_domain>
        <sys_domain_path>/</sys_domain_path>
        <sys_id>451a9314973a2110b180b466f053af59</sys_id>
        <sys_mod_count>0</sys_mod_count>
        <sys_overrides/>
        <sys_scope/>
        <sys_updated_by>admin</sys_updated_by>
        <sys_updated_on>2023-05-10 15:29:19</sys_updated_on>
    </sys_hub_action_plan>
    <sys_hub_action_type_snapshot action="INSERT_OR_UPDATE">
        <access>package_private</access>
        <acls/>
        <action_status/>
        <action_template/>
        <annotation/>
        <callable_by_client_api>false</callable_by_client_api>
        <category/>
        <copied_from/>
        <copied_from_name/>
        <description/>
        <internal_name>custom_action_demo</internal_name>
        <label_cache>[]</label_cache>
        <master>true</master>
        <name>custom action demo</name>
        <natlang/>
        <outputs/>
        <parent_action display_value="custom action demo">c7e91fd0973a2110b180b466f053afcf</parent_action>
        <sys_class_name>sys_hub_action_type_snapshot</sys_class_name>
        <sys_created_by>admin</sys_created_by>
        <sys_created_on>2023-05-10 15:29:18</sys_created_on>
        <sys_domain>global</sys_domain>
        <sys_domain_path>/</sys_domain_path>
        <sys_id>b41a5314973a2110b180b466f053aff4</sys_id>
        <sys_mod_count>0</sys_mod_count>
        <sys_name/>
        <sys_overrides/>
        <sys_package/>
        <sys_policy/>
        <sys_scope display_value="task creation app">1afd861c97b22110b180b466f053af3f</sys_scope>
        <sys_update_name/>
        <sys_updated_by>admin</sys_updated_by>
        <sys_updated_on>2023-05-10 15:29:18</sys_updated_on>
        <system_level>false</system_level>
        <type/>
    </sys_hub_action_type_snapshot>
    <sys_translated_text action="delete_multiple" query="documentkey=b41a5314973a2110b180b466f053aff4"/>
    <sys_variable_value action="delete_multiple" query="document_key=b41a5314973a2110b180b466f053aff4"/>
    <sys_variable_value action="INSERT_OR_UPDATE">
        <document>sys_hub_action_type_snapshot</document>
        <document_key>b41a5314973a2110b180b466f053aff4</document_key>
        <order>1</order>
        <sys_class_name>sys_variable_value</sys_class_name>
        <sys_created_by>admin</sys_created_by>
        <sys_created_on>2023-05-10 15:29:18</sys_created_on>
        <sys_id>b81a9314973a2110b180b466f053af25</sys_id>
        <sys_mod_count>0</sys_mod_count>
        <sys_updated_by>admin</sys_updated_by>
        <sys_updated_on>2023-05-10 15:29:18</sys_updated_on>
        <value>{"version":"1.0","complexObject":{},"serializationFormat":"JSON","complexObjectSchema":{"FlowDesigner:FDACTIONSTATUS":{},"FlowDesigner:FDACTIONSTATUS.$type_facets":{"SimpleMapFacet":"{\"sourceId\":\"\",\"default_value\":\"\",\"label\":\"Action Status\",\"action_error_output\":\"true\",\"mandatory\":\"false\",\"uiUniqueId\":\"8170928b-5a18-490e-9da7-45e9e678635a\",\"uiTypeLabel\":\"Object\",\"co_type_name\":\"FDACTIONSTATUS\",\"element_mapping_provider\":\"com.glide.flow_design.action.data.FlowDesignVariableMapper\",\"read_only\":\"false\",\"sourceUiUniqueId\":\"\",\"sourceType\":\"\",\"hint\":\"\",\"uiType\":\"object\",\"order\":\"1\",\"max_length\":\"65000\"}"}}}</value>
        <variable display_value="Action Status">301a9314973a2110b180b466f053af01</variable>
    </sys_variable_value>
    <sys_variable_value action="INSERT_OR_UPDATE">
        <document>sys_hub_action_type_snapshot</document>
        <document_key>b41a5314973a2110b180b466f053aff4</document_key>
        <order>2</order>
        <sys_class_name>sys_variable_value</sys_class_name>
        <sys_created_by>admin</sys_created_by>
        <sys_created_on>2023-05-10 15:29:18</sys_created_on>
        <sys_id>f41a9314973a2110b180b466f053af25</sys_id>
        <sys_mod_count>0</sys_mod_count>
        <sys_updated_by>admin</sys_updated_by>
        <sys_updated_on>2023-05-10 15:29:18</sys_updated_on>
        <value>0</value>
        <variable display_value="Don't Treat as Error">b41a9314973a2110b180b466f053af05</variable>
    </sys_variable_value>
    <sys_element_mapping action="delete_multiple" query="table=var__m_sys_hub_action_output_b41a5314973a2110b180b466f053aff4^id=b41a5314973a2110b180b466f053aff4"/>
    <sys_hub_step_instance action="delete_multiple" query="action=b41a5314973a2110b180b466f053aff4^sys_idNOT IN741a5314973a2110b180b466f053aff8"/>
    <sys_hub_step_instance action="INSERT_OR_UPDATE">
        <action display_value="custom action demo">b41a5314973a2110b180b466f053aff4</action>
        <cid>0d96b3b9-55f7-418e-bdd7-5048697763df</cid>
        <error_handling_type>1</error_handling_type>
        <extended_inputs/>
        <extended_outputs/>
        <icon/>
        <inputs/>
        <label>Script step</label>
        <order>1</order>
        <outputs/>
        <section/>
        <step_type display_value="Script">106afb6647032200b4fad7527c9a71e7</step_type>
        <sys_created_by>admin</sys_created_by>
        <sys_created_on>2023-05-10 15:29:18</sys_created_on>
        <sys_id>741a5314973a2110b180b466f053aff8</sys_id>
        <sys_mod_count>1</sys_mod_count>
        <sys_scope display_value="task creation app">1afd861c97b22110b180b466f053af3f</sys_scope>
        <sys_updated_by>admin</sys_updated_by>
        <sys_updated_on>2023-05-10 15:29:18</sys_updated_on>
    </sys_hub_step_instance>
    <sys_variable_value action="delete_multiple" query="document_key=741a5314973a2110b180b466f053aff8"/>
    <sys_variable_value action="INSERT_OR_UPDATE">
        <document>sys_hub_step_instance</document>
        <document_key>741a5314973a2110b180b466f053aff8</document_key>
        <order>600</order>
        <sys_class_name>sys_variable_value</sys_class_name>
        <sys_created_by>admin</sys_created_by>
        <sys_created_on>2023-05-10 15:29:18</sys_created_on>
        <sys_id>301a5314973a2110b180b466f053afff</sys_id>
        <sys_mod_count>0</sys_mod_count>
        <sys_updated_by>admin</sys_updated_by>
        <sys_updated_on>2023-05-10 15:29:18</sys_updated_on>
        <value>(function execute(inputs, outputs) {
// ... code ...
  var varone = "";
})(inputs, outputs);
</value>
        <variable display_value="Script">71aa7f6647032200b4fad7527c9a719b</variable>
    </sys_variable_value>
    <sys_variable_value action="INSERT_OR_UPDATE">
        <document>sys_hub_step_instance</document>
        <document_key>741a5314973a2110b180b466f053aff8</document_key>
        <order>400</order>
        <sys_class_name>sys_variable_value</sys_class_name>
        <sys_created_by>admin</sys_created_by>
        <sys_created_on>2023-05-10 15:29:18</sys_created_on>
        <sys_id>7c1a5314973a2110b180b466f053affe</sys_id>
        <sys_mod_count>0</sys_mod_count>
        <sys_updated_by>admin</sys_updated_by>
        <sys_updated_on>2023-05-10 15:29:18</sys_updated_on>
        <value>35aa573fd7802200bdbaee5b5e610375</value>
        <variable display_value="MID Application">f5e56d79b3101300176b051a16a8dce4</variable>
    </sys_variable_value>
    <sys_element_mapping action="delete_multiple" query="table=var__m_sys_flow_step_definition_input_106afb6647032200b4fad7527c9a71e7^id=741a5314973a2110b180b466f053aff8"/>
    <sys_hub_step_ext_input action="delete_multiple" query="model=741a5314973a2110b180b466f053aff8"/>
    <sys_hub_step_ext_output action="delete_multiple" query="model=741a5314973a2110b180b466f053aff8"/>
    <sys_hub_input_scripts action="delete_multiple" query="instance=741a5314973a2110b180b466f053aff8"/>
    <sys_documentation action="delete_multiple" query="name=var__m_sys_hub_step_ext_output_741a5314973a2110b180b466f053aff8"/>
    <sys_hub_action_input action="delete_multiple" query="model=b41a5314973a2110b180b466f053aff4"/>
    <sys_hub_action_output action="delete_multiple" query="model=b41a5314973a2110b180b466f053aff4^sys_idNOT IN301a9314973a2110b180b466f053af01,b41a9314973a2110b180b466f053af05"/>
    <sys_hub_action_output action="INSERT_OR_UPDATE">
        <active>true</active>
        <array>false</array>
        <array_denormalized>false</array_denormalized>
        <attributes>action_error_output=true,co_type_name=FDACTIONSTATUS,element_mapping_provider=com.glide.flow_design.action.data.FlowDesignVariableMapper,uiType=object,uiTypeLabel=Object,uiUniqueId=cdc4750f-0919-44ff-978e-93704abf86f9</attributes>
        <audit>false</audit>
        <calculation><![CDATA[(function calculatedFieldValue(current) {

	// Add your code here
	return '';  // return the calculated value

})(current);]]></calculation>
        <choice/>
        <choice_field/>
        <choice_table/>
        <column_label/>
        <comments/>
        <create_roles/>
        <default_value/>
        <defaultsort/>
        <delete_roles/>
        <dependent/>
        <dependent_on_field/>
        <display>false</display>
        <dynamic_creation>false</dynamic_creation>
        <dynamic_creation_script/>
        <dynamic_default_value/>
        <dynamic_ref_qual/>
        <element>__action_status__</element>
        <element_prototype/>
        <element_reference>false</element_reference>
        <foreign_database/>
        <formula/>
        <function_definition/>
        <function_field>false</function_field>
        <help/>
        <hint/>
        <internal_link/>
        <internal_type display_value="String">string</internal_type>
        <label>Action Status</label>
        <mandatory>false</mandatory>
        <max_length>65000</max_length>
        <model display_value="custom action demo">b41a5314973a2110b180b466f053aff4</model>
        <model_id>b41a5314973a2110b180b466f053aff4</model_id>
        <model_table>sys_hub_action_type_snapshot</model_table>
        <name>var__m_sys_hub_action_output_b41a5314973a2110b180b466f053aff4</name>
        <next_element/>
        <order>1</order>
        <primary>false</primary>
        <read_only>false</read_only>
        <read_roles/>
        <reference/>
        <reference_cascade_rule/>
        <reference_floats>false</reference_floats>
        <reference_key/>
        <reference_qual/>
        <reference_qual_condition/>
        <reference_type/>
        <sizeclass/>
        <spell_check>false</spell_check>
        <staged>false</staged>
        <sys_class_name>sys_hub_action_output</sys_class_name>
        <sys_created_by>admin</sys_created_by>
        <sys_created_on>2023-05-10 15:29:18</sys_created_on>
        <sys_id>301a9314973a2110b180b466f053af01</sys_id>
        <sys_mod_count>0</sys_mod_count>
        <sys_name/>
        <sys_package/>
        <sys_policy/>
        <sys_scope display_value="task creation app">1afd861c97b22110b180b466f053af3f</sys_scope>
        <sys_update_name/>
        <sys_updated_by>admin</sys_updated_by>
        <sys_updated_on>2023-05-10 15:29:18</sys_updated_on>
        <table_reference>false</table_reference>
        <text_index>false</text_index>
        <unique>false</unique>
        <use_dependent_field>false</use_dependent_field>
        <use_dynamic_default>false</use_dynamic_default>
        <use_reference_qualifier>simple</use_reference_qualifier>
        <virtual>false</virtual>
        <virtual_type>script</virtual_type>
        <widget/>
        <write_roles/>
        <xml_view>false</xml_view>
    </sys_hub_action_output>
    <sys_hub_action_input_action_instance action="delete_multiple" query="action_input=301a9314973a2110b180b466f053af01"/>
    <sys_hub_input_scripts action="delete_multiple" query="instance=301a9314973a2110b180b466f053af01"/>
    <sys_hub_action_output action="INSERT_OR_UPDATE">
        <active>true</active>
        <array>false</array>
        <array_denormalized>false</array_denormalized>
        <attributes>action_error_output=true,element_mapping_provider=com.glide.flow_design.action.data.FlowDesignVariableMapper,uiType=boolean,uiTypeLabel=True/False,uiUniqueId=72d05d66-b8c7-4af2-8a1f-ebf5703d1a86,visible_in_ui=false</attributes>
        <audit>false</audit>
        <calculation><![CDATA[(function calculatedFieldValue(current) {

	// Add your code here
	return '';  // return the calculated value

})(current);]]></calculation>
        <choice/>
        <choice_field/>
        <choice_table/>
        <column_label/>
        <comments/>
        <create_roles/>
        <default_value>true</default_value>
        <defaultsort/>
        <delete_roles/>
        <dependent/>
        <dependent_on_field/>
        <display>false</display>
        <dynamic_creation>false</dynamic_creation>
        <dynamic_creation_script/>
        <dynamic_default_value/>
        <dynamic_ref_qual/>
        <element>__dont_treat_as_error__</element>
        <element_prototype/>
        <element_reference>false</element_reference>
        <foreign_database/>
        <formula/>
        <function_definition/>
        <function_field>false</function_field>
        <help/>
        <hint/>
        <internal_link/>
        <internal_type display_value="">boolean</internal_type>
        <label>Don't Treat as Error</label>
        <mandatory>false</mandatory>
        <max_length>40</max_length>
        <model display_value="custom action demo">b41a5314973a2110b180b466f053aff4</model>
        <model_id>b41a5314973a2110b180b466f053aff4</model_id>
        <model_table>sys_hub_action_type_snapshot</model_table>
        <name>var__m_sys_hub_action_output_b41a5314973a2110b180b466f053aff4</name>
        <next_element/>
        <order>2</order>
        <primary>false</primary>
        <read_only>false</read_only>
        <read_roles/>
        <reference/>
        <reference_cascade_rule/>
        <reference_floats>false</reference_floats>
        <reference_key/>
        <reference_qual/>
        <reference_qual_condition/>
        <reference_type/>
        <sizeclass/>
        <spell_check>false</spell_check>
        <staged>false</staged>
        <sys_class_name>sys_hub_action_output</sys_class_name>
        <sys_created_by>admin</sys_created_by>
        <sys_created_on>2023-05-10 15:29:18</sys_created_on>
        <sys_id>b41a9314973a2110b180b466f053af05</sys_id>
        <sys_mod_count>1</sys_mod_count>
        <sys_name/>
        <sys_package/>
        <sys_policy/>
        <sys_scope display_value="task creation app">1afd861c97b22110b180b466f053af3f</sys_scope>
        <sys_update_name/>
        <sys_updated_by>admin</sys_updated_by>
        <sys_updated_on>2023-05-10 15:29:18</sys_updated_on>
        <table_reference>false</table_reference>
        <text_index>false</text_index>
        <unique>false</unique>
        <use_dependent_field>false</use_dependent_field>
        <use_dynamic_default>false</use_dynamic_default>
        <use_reference_qualifier>simple</use_reference_qualifier>
        <virtual>false</virtual>
        <virtual_type>script</virtual_type>
        <widget/>
        <write_roles/>
        <xml_view>false</xml_view>
    </sys_hub_action_output>
    <sys_hub_action_input_action_instance action="delete_multiple" query="action_input=b41a9314973a2110b180b466f053af05"/>
    <sys_hub_input_scripts action="delete_multiple" query="instance=b41a9314973a2110b180b466f053af05"/>
    <sys_hub_pill_compound action="delete_multiple" query="attached_to=b41a5314973a2110b180b466f053aff4"/>
    <sys_hub_action_status_metadata action="delete_multiple" query="action_type_id=b41a5314973a2110b180b466f053aff4^sys_idNOT IN741a9314973a2110b180b466f053af27"/>
    <sys_hub_action_status_metadata action="INSERT_OR_UPDATE">
        <action_type_id display_value="custom action demo">b41a5314973a2110b180b466f053aff4</action_type_id>
        <sys_created_by>admin</sys_created_by>
        <sys_created_on>2023-05-10 15:29:18</sys_created_on>
        <sys_id>741a9314973a2110b180b466f053af27</sys_id>
        <sys_mod_count>0</sys_mod_count>
        <sys_updated_by>admin</sys_updated_by>
        <sys_updated_on>2023-05-10 15:29:18</sys_updated_on>
    </sys_hub_action_status_metadata>
    <sys_hub_status_condition action="delete_multiple" query="action_status_metadata_id=741a9314973a2110b180b466f053af27"/>
    <sys_documentation action="delete_multiple" query="name=var__m_sys_hub_action_input_b41a5314973a2110b180b466f053aff4"/>
    <sys_choice action="delete_multiple" query="name=var__m_sys_hub_action_input_b41a5314973a2110b180b466f053aff4"/>
    <sys_documentation action="delete_multiple" query="name=var__m_sys_hub_action_output_b41a5314973a2110b180b466f053aff4^sys_idNOT IN381a9314973a2110b180b466f053af04,7c1a9314973a2110b180b466f053af22"/>
    <sys_documentation action="INSERT_OR_UPDATE">
        <element>__action_status__</element>
        <help/>
        <hint/>
        <label>Action Status</label>
        <language>en</language>
        <name>var__m_sys_hub_action_output_b41a5314973a2110b180b466f053aff4</name>
        <plural/>
        <sys_class_name>sys_documentation</sys_class_name>
        <sys_created_by>admin</sys_created_by>
        <sys_created_on>2023-05-10 15:29:18</sys_created_on>
        <sys_id>381a9314973a2110b180b466f053af04</sys_id>
        <sys_mod_count>0</sys_mod_count>
        <sys_name/>
        <sys_package display_value="task creation app" source="x_916786_task_crea">1afd861c97b22110b180b466f053af3f</sys_package>
        <sys_policy/>
        <sys_scope display_value="task creation app">1afd861c97b22110b180b466f053af3f</sys_scope>
        <sys_update_name/>
        <sys_updated_by>admin</sys_updated_by>
        <sys_updated_on>2023-05-10 15:29:18</sys_updated_on>
        <url/>
        <url_target/>
    </sys_documentation>
    <sys_documentation action="INSERT_OR_UPDATE">
        <element>__dont_treat_as_error__</element>
        <help/>
        <hint/>
        <label>Don't Treat as Error</label>
        <language>en</language>
        <name>var__m_sys_hub_action_output_b41a5314973a2110b180b466f053aff4</name>
        <plural/>
        <sys_class_name>sys_documentation</sys_class_name>
        <sys_created_by>admin</sys_created_by>
        <sys_created_on>2023-05-10 15:29:18</sys_created_on>
        <sys_id>7c1a9314973a2110b180b466f053af22</sys_id>
        <sys_mod_count>0</sys_mod_count>
        <sys_name/>
        <sys_package display_value="task creation app" source="x_916786_task_crea">1afd861c97b22110b180b466f053af3f</sys_package>
        <sys_policy/>
        <sys_scope display_value="task creation app">1afd861c97b22110b180b466f053af3f</sys_scope>
        <sys_update_name/>
        <sys_updated_by>admin</sys_updated_by>
        <sys_updated_on>2023-05-10 15:29:18</sys_updated_on>
        <url/>
        <url_target/>
    </sys_documentation>
    <sys_choice action="delete_multiple" query="name=var__m_sys_hub_action_output_b41a5314973a2110b180b466f053aff4"/>
    <sys_hub_action_type_definition action="UPDATE">
        <sys_id>c7e91fd0973a2110b180b466f053afcf</sys_id>
        <latest_snapshot>b41a5314973a2110b180b466f053aff4</latest_snapshot>
        <compiler_build>glide-tokyo-07-08-2022__patch4a-01-03-2023_01-11-2023_0813.zip</compiler_build>
    </sys_hub_action_type_definition>
</record_update>
