<?xml version="1.0" encoding="UTF-8"?><record_update table="sys_scope_privilege">
    <sys_scope_privilege action="INSERT_OR_UPDATE">
        <operation>write</operation>
        <source_scope display_value="task creation app">1afd861c97b22110b180b466f053af3f</source_scope>
        <status>allowed</status>
        <sys_class_name>sys_scope_privilege</sys_class_name>
        <sys_created_by>system</sys_created_by>
        <sys_created_on>2023-05-10 10:37:17</sys_created_on>
        <sys_id>df37929c97f22110b180b466f053af25</sys_id>
        <sys_mod_count>0</sys_mod_count>
        <sys_name>sc_task</sys_name>
        <sys_package display_value="task creation app" source="x_916786_task_crea">1afd861c97b22110b180b466f053af3f</sys_package>
        <sys_policy/>
        <sys_scope display_value="task creation app">1afd861c97b22110b180b466f053af3f</sys_scope>
        <sys_update_name>sys_scope_privilege_df37929c97f22110b180b466f053af25</sys_update_name>
        <sys_updated_by>system</sys_updated_by>
        <sys_updated_on>2023-05-10 10:37:17</sys_updated_on>
        <target_name>sc_task</target_name>
        <target_scope display_value="Global">global</target_scope>
        <target_type>sys_db_object</target_type>
    </sys_scope_privilege>
</record_update>
