<?xml version="1.0" encoding="UTF-8"?><record_update sys_domain="global" table="sys_hub_flow">
    <sys_hub_flow action="INSERT_OR_UPDATE">
        <access>public</access>
        <acls/>
        <active>true</active>
        <annotation/>
        <callable_by_client_api>false</callable_by_client_api>
        <category/>
        <copied_from/>
        <copied_from_name/>
        <description/>
        <internal_name>task_creation_using_incident</internal_name>
        <label_cache>[{"name":"4f5f6225-f17f-4ead-ba83-bde13a95b95a.__dont_treat_as_error__","label":"1 - Create Task➛Don\u0027t Treat as Error","reference_display":"Don\u0027t Treat as Error","type":"boolean","base_type":"boolean","attributes":{"uiType":"boolean","visible_in_ui":"false","action_error_output":"true","element_mapping_provider":"com.glide.flow_design.action.data.FlowDesignVariableMapper"}},{"name":"4f5f6225-f17f-4ead-ba83-bde13a95b95a.__action_status__","label":"1 - Create Task➛Action Status","reference_display":"Action Status","type":"object","base_type":"object","attributes":{"uiType":"object","co_type_name":"FDACTIONSTATUS","action_error_output":"true","element_mapping_provider":"com.glide.flow_design.action.data.FlowDesignVariableMapper"}},{"name":"4f5f6225-f17f-4ead-ba83-bde13a95b95a.Table","label":"1 - Create Task➛Catalog Task Table","reference":"sc_task","reference_display":"Catalog Task","type":"table_name","base_type":"table_name","attributes":{"element_mapping_provider":"com.glide.flow_design.action.data.FlowDesignVariableMapper"}},{"name":"4f5f6225-f17f-4ead-ba83-bde13a95b95a.Record","label":"1 - Create Task➛Catalog Task Record","reference":"sc_task","reference_display":"Catalog Task","type":"reference","base_type":"reference","attributes":{"element_mapping_provider":"com.glide.flow_design.action.data.FlowDesignVariableMapper"}}]</label_cache>
        <master_snapshot>bedf061497f22110b180b466f053afd5</master_snapshot>
        <name>task creation using incident</name>
        <natlang/>
        <outputs/>
        <pre_compiled>false</pre_compiled>
        <remote_trigger_id>2426054497ba2110b180b466f053afdd</remote_trigger_id>
        <run_as>user</run_as>
        <run_with_roles name="activity_admin">b453c203c3213100ad408039dfba8fb0</run_with_roles>
        <sc_callable>false</sc_callable>
        <show_draft_actions>false</show_draft_actions>
        <show_triggered_flows>false</show_triggered_flows>
        <status>published</status>
        <sys_class_name>sys_hub_flow</sys_class_name>
        <sys_created_by>admin</sys_created_by>
        <sys_created_on>2023-05-10 10:00:41</sys_created_on>
        <sys_domain>global</sys_domain>
        <sys_domain_path>/</sys_domain_path>
        <sys_id>8fde46d897b22110b180b466f053af23</sys_id>
        <sys_mod_count>10</sys_mod_count>
        <sys_name>task creation using incident</sys_name>
        <sys_overrides/>
        <sys_package display_value="task creation app" source="x_916786_task_crea">1afd861c97b22110b180b466f053af3f</sys_package>
        <sys_policy>read</sys_policy>
        <sys_scope display_value="task creation app">1afd861c97b22110b180b466f053af3f</sys_scope>
        <sys_update_name>sys_hub_flow_8fde46d897b22110b180b466f053af23</sys_update_name>
        <sys_updated_by>admin</sys_updated_by>
        <sys_updated_on>2023-05-10 12:52:13</sys_updated_on>
        <type>flow</type>
    </sys_hub_flow>
    <sys_translated_text action="delete_multiple" query="documentkey=8fde46d897b22110b180b466f053af23"/>
    <sys_variable_value action="delete_multiple" query="document_key=8fde46d897b22110b180b466f053af23"/>
    <sys_flow_record_trigger action="INSERT_OR_UPDATE">
        <active>true</active>
        <condition table="incident">^EQ<item endquery="true" field="" goto="false" newquery="false" operator="=" or="false" value=""/>
        </condition>
        <name/>
        <on_delete>false</on_delete>
        <on_insert>true</on_insert>
        <on_update>false</on_update>
        <run_flow_in>background</run_flow_in>
        <run_on_extended>false</run_on_extended>
        <run_when_setting>both</run_when_setting>
        <run_when_user_list/>
        <run_when_user_setting>any</run_when_user_setting>
        <sys_class_name>sys_flow_record_trigger</sys_class_name>
        <sys_created_by>admin</sys_created_by>
        <sys_created_on>2023-05-09 10:04:28</sys_created_on>
        <sys_domain>global</sys_domain>
        <sys_domain_path>/</sys_domain_path>
        <sys_id>2426054497ba2110b180b466f053afdd</sys_id>
        <sys_mod_count>3</sys_mod_count>
        <sys_overrides/>
        <sys_scope display_value="task creation app">1afd861c97b22110b180b466f053af3f</sys_scope>
        <sys_updated_by>admin</sys_updated_by>
        <sys_updated_on>2023-05-10 10:05:03</sys_updated_on>
        <table>incident</table>
    </sys_flow_record_trigger>
    <sys_trigger_runner_mapping action="INSERT_OR_UPDATE">
        <active>true</active>
        <data>{"run_flow_in":"background","run_when_user_list":[],"run_when_setting":"both","run_when_user_setting":"any","run_on_extended":"false"}</data>
        <identifier>8fde46d897b22110b180b466f053af23</identifier>
        <runner>FDTriggerRunner</runner>
        <sys_created_by>admin</sys_created_by>
        <sys_created_on>2023-05-10 12:52:13</sys_created_on>
        <sys_id>ff16ba1097b62110b180b466f053afcd</sys_id>
        <sys_mod_count>2</sys_mod_count>
        <sys_updated_by>admin</sys_updated_by>
        <sys_updated_on>2023-05-10 12:52:13</sys_updated_on>
        <trigger display_value="">2426054497ba2110b180b466f053afdd</trigger>
    </sys_trigger_runner_mapping>
    <sys_trigger_runner_mapping action="delete_multiple" query="identifier=8fde46d897b22110b180b466f053af23^sys_idNOT INff16ba1097b62110b180b466f053afcd"/>
    <sys_hub_trigger_instance action="delete_multiple" query="flow=8fde46d897b22110b180b466f053af23^sys_idNOT IN9c2f42d097f22110b180b466f053af16"/>
    <sys_hub_trigger_instance action="INSERT_OR_UPDATE">
        <comment/>
        <display_text/>
        <flow display_value="task creation using incident">8fde46d897b22110b180b466f053af23</flow>
        <name>Created</name>
        <remote_sys_id/>
        <sys_created_by>admin</sys_created_by>
        <sys_created_on>2023-05-10 10:01:51</sys_created_on>
        <sys_id>9c2f42d097f22110b180b466f053af16</sys_id>
        <sys_mod_count>7</sys_mod_count>
        <sys_scope/>
        <sys_updated_by>admin</sys_updated_by>
        <sys_updated_on>2023-05-10 12:52:13</sys_updated_on>
        <trigger_definition display_value="Created">798916a0c31322002841b63b12d3ae7c</trigger_definition>
        <trigger_inputs/>
        <trigger_outputs/>
        <trigger_type>record_create</trigger_type>
    </sys_hub_trigger_instance>
    <sys_variable_value action="delete_multiple" query="document_key=9c2f42d097f22110b180b466f053af16"/>
    <sys_variable_value action="INSERT_OR_UPDATE">
        <document>sys_hub_trigger_instance</document>
        <document_key>9c2f42d097f22110b180b466f053af16</document_key>
        <order>1</order>
        <sys_class_name>sys_variable_value</sys_class_name>
        <sys_created_by>admin</sys_created_by>
        <sys_created_on>2023-05-10 10:01:51</sys_created_on>
        <sys_id>942f42d097f22110b180b466f053af18</sys_id>
        <sys_mod_count>0</sys_mod_count>
        <sys_updated_by>admin</sys_updated_by>
        <sys_updated_on>2023-05-10 10:01:51</sys_updated_on>
        <value>incident</value>
        <variable display_value="Table">cfca92e0c31322002841b63b12d3ae00</variable>
    </sys_variable_value>
    <sys_variable_value action="INSERT_OR_UPDATE">
        <document>sys_hub_trigger_instance</document>
        <document_key>9c2f42d097f22110b180b466f053af16</document_key>
        <order>100</order>
        <sys_class_name>sys_variable_value</sys_class_name>
        <sys_created_by>admin</sys_created_by>
        <sys_created_on>2023-05-10 10:01:51</sys_created_on>
        <sys_id>9c2f42d097f22110b180b466f053af17</sys_id>
        <sys_mod_count>0</sys_mod_count>
        <sys_updated_by>admin</sys_updated_by>
        <sys_updated_on>2023-05-10 10:01:51</sys_updated_on>
        <value>^EQ</value>
        <variable display_value="Condition">66aadea0c31322002841b63b12d3aebf</variable>
    </sys_variable_value>
    <sys_hub_flow_stage action="delete_multiple" query="flow=8fde46d897b22110b180b466f053af23"/>
    <sys_flow_cat_variable_model action="delete_multiple" query="id=8fde46d897b22110b180b466f053af23^sys_idNOT IN0fde46d897b22110b180b466f053af25"/>
    <sys_flow_cat_variable_model action="INSERT_OR_UPDATE">
        <id>8fde46d897b22110b180b466f053af23</id>
        <name>task creation using incident</name>
        <sys_created_by>admin</sys_created_by>
        <sys_created_on>2023-05-10 10:00:41</sys_created_on>
        <sys_id>0fde46d897b22110b180b466f053af25</sys_id>
        <sys_mod_count>0</sys_mod_count>
        <sys_scope/>
        <sys_updated_by>admin</sys_updated_by>
        <sys_updated_on>2023-05-10 10:00:41</sys_updated_on>
    </sys_flow_cat_variable_model>
    <sys_flow_cat_variable action="delete_multiple" query="flow_catalog_model=0fde46d897b22110b180b466f053af25"/>
    <sys_hub_flow_input action="delete_multiple" query="model=8fde46d897b22110b180b466f053af23^sys_idNOT IN542f42d097f22110b180b466f053af11,842f42d097f22110b180b466f053af0a"/>
    <sys_hub_flow_input action="INSERT_OR_UPDATE">
        <active>true</active>
        <array>false</array>
        <array_denormalized>false</array_denormalized>
        <attributes>element_mapping_provider=com.glide.flow_design.action.data.FlowDesignVariableMapper,test_input_hidden=true,uiType=table_name</attributes>
        <audit>false</audit>
        <calculation><![CDATA[(function calculatedFieldValue(current) {

	// Add your code here
	return '';  // return the calculated value

})(current);]]></calculation>
        <choice/>
        <choice_field/>
        <choice_table/>
        <column_label/>
        <comments/>
        <create_roles/>
        <default_value/>
        <defaultsort/>
        <delete_roles/>
        <dependent/>
        <dependent_on_field/>
        <display>false</display>
        <dynamic_creation>false</dynamic_creation>
        <dynamic_creation_script/>
        <dynamic_default_value/>
        <dynamic_ref_qual/>
        <element>table_name</element>
        <element_reference>false</element_reference>
        <foreign_database/>
        <formula/>
        <function_definition/>
        <function_field>false</function_field>
        <help/>
        <hint/>
        <internal_type display_value="">table_name</internal_type>
        <label>Table Name</label>
        <mandatory>false</mandatory>
        <max_length>200</max_length>
        <model display_value="task creation using incident">8fde46d897b22110b180b466f053af23</model>
        <model_id>8fde46d897b22110b180b466f053af23</model_id>
        <model_table>sys_hub_flow</model_table>
        <name>var__m_sys_hub_flow_input_8fde46d897b22110b180b466f053af23</name>
        <next_element/>
        <order>101</order>
        <primary>false</primary>
        <read_only>false</read_only>
        <read_roles/>
        <reference/>
        <reference_cascade_rule/>
        <reference_floats>false</reference_floats>
        <reference_key/>
        <reference_qual/>
        <reference_qual_condition/>
        <reference_type/>
        <sizeclass/>
        <spell_check>false</spell_check>
        <staged>false</staged>
        <sys_class_name>sys_hub_flow_input</sys_class_name>
        <sys_created_by>admin</sys_created_by>
        <sys_created_on>2023-05-10 10:01:51</sys_created_on>
        <sys_id>542f42d097f22110b180b466f053af11</sys_id>
        <sys_mod_count>6</sys_mod_count>
        <sys_name/>
        <sys_package/>
        <sys_policy>read</sys_policy>
        <sys_scope display_value="task creation app">1afd861c97b22110b180b466f053af3f</sys_scope>
        <sys_update_name/>
        <sys_updated_by>admin</sys_updated_by>
        <sys_updated_on>2023-05-10 12:52:13</sys_updated_on>
        <table_reference>false</table_reference>
        <text_index>false</text_index>
        <unique>false</unique>
        <use_dependent_field>false</use_dependent_field>
        <use_dynamic_default>false</use_dynamic_default>
        <use_reference_qualifier>simple</use_reference_qualifier>
        <virtual>false</virtual>
        <virtual_type>script</virtual_type>
        <widget/>
        <write_roles/>
        <xml_view>false</xml_view>
    </sys_hub_flow_input>
    <sys_hub_flow_input action="INSERT_OR_UPDATE">
        <active>true</active>
        <array>false</array>
        <array_denormalized>false</array_denormalized>
        <attributes>element_mapping_provider=com.glide.flow_design.action.data.FlowDesignVariableMapper,uiType=document_id</attributes>
        <audit>false</audit>
        <calculation><![CDATA[(function calculatedFieldValue(current) {

	// Add your code here
	return '';  // return the calculated value

})(current);]]></calculation>
        <choice/>
        <choice_field/>
        <choice_table/>
        <column_label/>
        <comments/>
        <create_roles/>
        <default_value/>
        <defaultsort/>
        <delete_roles/>
        <dependent>table_name</dependent>
        <dependent_on_field>table_name</dependent_on_field>
        <display>false</display>
        <dynamic_creation>false</dynamic_creation>
        <dynamic_creation_script/>
        <dynamic_default_value/>
        <dynamic_ref_qual/>
        <element>current</element>
        <element_reference>false</element_reference>
        <foreign_database/>
        <formula/>
        <function_definition/>
        <function_field>false</function_field>
        <help/>
        <hint/>
        <internal_type display_value="">document_id</internal_type>
        <label>Record</label>
        <mandatory>true</mandatory>
        <max_length>200</max_length>
        <model display_value="task creation using incident">8fde46d897b22110b180b466f053af23</model>
        <model_id>8fde46d897b22110b180b466f053af23</model_id>
        <model_table>sys_hub_flow</model_table>
        <name>var__m_sys_hub_flow_input_8fde46d897b22110b180b466f053af23</name>
        <next_element/>
        <order>100</order>
        <primary>false</primary>
        <read_only>false</read_only>
        <read_roles/>
        <reference/>
        <reference_cascade_rule/>
        <reference_floats>false</reference_floats>
        <reference_key/>
        <reference_qual/>
        <reference_qual_condition/>
        <reference_type/>
        <sizeclass/>
        <spell_check>false</spell_check>
        <staged>false</staged>
        <sys_class_name>sys_hub_flow_input</sys_class_name>
        <sys_created_by>admin</sys_created_by>
        <sys_created_on>2023-05-10 10:01:51</sys_created_on>
        <sys_id>842f42d097f22110b180b466f053af0a</sys_id>
        <sys_mod_count>6</sys_mod_count>
        <sys_name/>
        <sys_package/>
        <sys_policy>read</sys_policy>
        <sys_scope display_value="task creation app">1afd861c97b22110b180b466f053af3f</sys_scope>
        <sys_update_name/>
        <sys_updated_by>admin</sys_updated_by>
        <sys_updated_on>2023-05-10 12:52:13</sys_updated_on>
        <table_reference>false</table_reference>
        <text_index>false</text_index>
        <unique>false</unique>
        <use_dependent_field>true</use_dependent_field>
        <use_dynamic_default>false</use_dynamic_default>
        <use_reference_qualifier>simple</use_reference_qualifier>
        <virtual>false</virtual>
        <virtual_type>script</virtual_type>
        <widget/>
        <write_roles/>
        <xml_view>false</xml_view>
    </sys_hub_flow_input>
    <sys_hub_flow_output action="delete_multiple" query="model=8fde46d897b22110b180b466f053af23"/>
    <sys_hub_alias_mapping action="delete_multiple" query="source_id=8fde46d897b22110b180b466f053af23"/>
    <sys_hub_action_instance action="delete_multiple" query="flow=8fde46d897b22110b180b466f053af23^sys_idNOT INd82f42d097f22110b180b466f053af1d"/>
    <sys_hub_action_instance action="INSERT_OR_UPDATE">
        <action_inputs/>
        <action_type display_value="Create Task">2b3a6335531003003bf1d9109ec58759</action_type>
        <action_type_parent/>
        <comment/>
        <display_text/>
        <flow display_value="task creation using incident">8fde46d897b22110b180b466f053af23</flow>
        <order>1</order>
        <parent_ui_id/>
        <sys_class_name>sys_hub_action_instance</sys_class_name>
        <sys_created_by>admin</sys_created_by>
        <sys_created_on>2023-05-10 10:01:51</sys_created_on>
        <sys_id>d82f42d097f22110b180b466f053af1d</sys_id>
        <sys_mod_count>16</sys_mod_count>
        <sys_scope display_value="task creation app">1afd861c97b22110b180b466f053af3f</sys_scope>
        <sys_updated_by>admin</sys_updated_by>
        <sys_updated_on>2023-05-10 12:52:13</sys_updated_on>
        <ui_id>4f5f6225-f17f-4ead-ba83-bde13a95b95a</ui_id>
    </sys_hub_action_instance>
    <sys_variable_value action="delete_multiple" query="document_key=d82f42d097f22110b180b466f053af1d"/>
    <sys_variable_value action="INSERT_OR_UPDATE">
        <document>sys_hub_action_instance</document>
        <document_key>d82f42d097f22110b180b466f053af1d</document_key>
        <order>0</order>
        <sys_class_name>sys_variable_value</sys_class_name>
        <sys_created_by>admin</sys_created_by>
        <sys_created_on>2023-05-10 10:01:51</sys_created_on>
        <sys_id>142f42d097f22110b180b466f053af20</sys_id>
        <sys_mod_count>0</sys_mod_count>
        <sys_updated_by>admin</sys_updated_by>
        <sys_updated_on>2023-05-10 10:01:51</sys_updated_on>
        <value>sc_task</value>
        <variable display_value="Table">e73a6335531003003bf1d9109ec5875c</variable>
    </sys_variable_value>
    <sys_variable_value action="INSERT_OR_UPDATE">
        <document>sys_hub_action_instance</document>
        <document_key>d82f42d097f22110b180b466f053af1d</document_key>
        <order>1</order>
        <sys_class_name>sys_variable_value</sys_class_name>
        <sys_created_by>admin</sys_created_by>
        <sys_created_on>2023-05-10 10:01:51</sys_created_on>
        <sys_id>d42f42d097f22110b180b466f053af20</sys_id>
        <sys_mod_count>0</sys_mod_count>
        <sys_updated_by>admin</sys_updated_by>
        <sys_updated_on>2023-05-10 10:01:51</sys_updated_on>
        <value>active=true^assigned_to={"display":"Aileen Mottern","value":"71826bf03710200044e0bfc8bcbe5d3b","table":"sys_user","sys_id":"71826bf03710200044e0bfc8bcbe5d3b"}^short_description=Task creation using incident - scoped app</value>
        <variable display_value="Field Values">273a6335531003003bf1d9109ec5876b</variable>
    </sys_variable_value>
    <sys_element_mapping action="delete_multiple" query="table=var__m_sys_hub_action_input_2b3a6335531003003bf1d9109ec58759^id=d82f42d097f22110b180b466f053af1d"/>
    <sys_hub_input_scripts action="delete_multiple" query="instance=d82f42d097f22110b180b466f053af1d"/>
    <sys_hub_alias_mapping action="delete_multiple" query="source_id=d82f42d097f22110b180b466f053af1d"/>
    <sys_hub_sub_flow_instance action="delete_multiple" query="flow=8fde46d897b22110b180b466f053af23"/>
    <sys_hub_flow_logic action="delete_multiple" query="flow=8fde46d897b22110b180b466f053af23"/>
    <sys_hub_pill_compound action="delete_multiple" query="attached_to=8fde46d897b22110b180b466f053af23"/>
    <sys_hub_flow_variable action="delete_multiple" query="model=8fde46d897b22110b180b466f053af23"/>
    <sys_documentation action="delete_multiple" query="name=var__m_sys_hub_flow_input_8fde46d897b22110b180b466f053af23^sys_idNOT IN102f42d097f22110b180b466f053af10,982f42d097f22110b180b466f053af13"/>
    <sys_documentation action="INSERT_OR_UPDATE">
        <element>current</element>
        <help/>
        <hint/>
        <label>Record</label>
        <language>en</language>
        <name>var__m_sys_hub_flow_input_8fde46d897b22110b180b466f053af23</name>
        <plural/>
        <sys_class_name>sys_documentation</sys_class_name>
        <sys_created_by>admin</sys_created_by>
        <sys_created_on>2023-05-10 10:01:51</sys_created_on>
        <sys_id>102f42d097f22110b180b466f053af10</sys_id>
        <sys_mod_count>0</sys_mod_count>
        <sys_name/>
        <sys_package display_value="task creation app" source="x_916786_task_crea">1afd861c97b22110b180b466f053af3f</sys_package>
        <sys_policy/>
        <sys_scope display_value="task creation app">1afd861c97b22110b180b466f053af3f</sys_scope>
        <sys_update_name/>
        <sys_updated_by>admin</sys_updated_by>
        <sys_updated_on>2023-05-10 10:01:51</sys_updated_on>
        <url/>
        <url_target/>
    </sys_documentation>
    <sys_documentation action="INSERT_OR_UPDATE">
        <element>table_name</element>
        <help/>
        <hint/>
        <label>Table Name</label>
        <language>en</language>
        <name>var__m_sys_hub_flow_input_8fde46d897b22110b180b466f053af23</name>
        <plural/>
        <sys_class_name>sys_documentation</sys_class_name>
        <sys_created_by>admin</sys_created_by>
        <sys_created_on>2023-05-10 10:01:51</sys_created_on>
        <sys_id>982f42d097f22110b180b466f053af13</sys_id>
        <sys_mod_count>0</sys_mod_count>
        <sys_name/>
        <sys_package display_value="task creation app" source="x_916786_task_crea">1afd861c97b22110b180b466f053af3f</sys_package>
        <sys_policy/>
        <sys_scope display_value="task creation app">1afd861c97b22110b180b466f053af3f</sys_scope>
        <sys_update_name/>
        <sys_updated_by>admin</sys_updated_by>
        <sys_updated_on>2023-05-10 10:01:51</sys_updated_on>
        <url/>
        <url_target/>
    </sys_documentation>
    <sys_choice action="delete_multiple" query="name=var__m_sys_hub_flow_input_8fde46d897b22110b180b466f053af23"/>
    <sys_documentation action="delete_multiple" query="name=var__m_sys_hub_flow_output_8fde46d897b22110b180b466f053af23"/>
    <sys_choice action="delete_multiple" query="name=var__m_sys_hub_flow_output_8fde46d897b22110b180b466f053af23"/>
    <sys_flow_trigger_plan action="delete_multiple" query="plan_id=8fde46d897b22110b180b466f053af23^sys_idNOT IN87df461497f22110b180b466f053af14"/>
    <sys_flow_trigger_plan action="INSERT_OR_UPDATE">
        <binding_strategy>com.snc.process_flow.engine.binding.OncePerRecord</binding_strategy>
        <plan>{"persistor":{"@class":".ChunkingPlanPersistor","table":"sys_flow_trigger_plan","id":"87df461497f22110b180b466f053af14","name":"plan","plan_signature":null}}</plan>
        <plan_id>8fde46d897b22110b180b466f053af23</plan_id>
        <snapshot>bedf061497f22110b180b466f053afd5</snapshot>
        <sys_created_by>admin</sys_created_by>
        <sys_created_on>2023-05-10 10:05:03</sys_created_on>
        <sys_domain>global</sys_domain>
        <sys_domain_path>/</sys_domain_path>
        <sys_id>87df461497f22110b180b466f053af14</sys_id>
        <sys_mod_count>1</sys_mod_count>
        <sys_overrides/>
        <sys_scope/>
        <sys_updated_by>admin</sys_updated_by>
        <sys_updated_on>2023-05-10 11:55:00</sys_updated_on>
        <trigger display_value="">2426054497ba2110b180b466f053afdd</trigger>
    </sys_flow_trigger_plan>
    <sys_flow_subflow_plan action="delete_multiple" query="plan_id=8fde46d897b22110b180b466f053af23"/>
    <sys_hub_flow_snapshot action="INSERT_OR_UPDATE">
        <access>public</access>
        <acls/>
        <active>true</active>
        <annotation/>
        <callable_by_client_api>false</callable_by_client_api>
        <category/>
        <copied_from/>
        <copied_from_name/>
        <description/>
        <internal_name>task_creation_using_incident</internal_name>
        <label_cache>[{"name":"4f5f6225-f17f-4ead-ba83-bde13a95b95a.__dont_treat_as_error__","label":"1 - Create Task➛Don\u0027t Treat as Error","reference_display":"Don\u0027t Treat as Error","type":"boolean","base_type":"boolean","attributes":{"uiType":"boolean","visible_in_ui":"false","action_error_output":"true","element_mapping_provider":"com.glide.flow_design.action.data.FlowDesignVariableMapper"}},{"name":"4f5f6225-f17f-4ead-ba83-bde13a95b95a.__action_status__","label":"1 - Create Task➛Action Status","reference_display":"Action Status","type":"object","base_type":"object","attributes":{"uiType":"object","co_type_name":"FDACTIONSTATUS","action_error_output":"true","element_mapping_provider":"com.glide.flow_design.action.data.FlowDesignVariableMapper"}},{"name":"4f5f6225-f17f-4ead-ba83-bde13a95b95a.Table","label":"1 - Create Task➛Catalog Task Table","reference":"sc_task","reference_display":"Catalog Task","type":"table_name","base_type":"table_name","attributes":{"element_mapping_provider":"com.glide.flow_design.action.data.FlowDesignVariableMapper"}},{"name":"4f5f6225-f17f-4ead-ba83-bde13a95b95a.Record","label":"1 - Create Task➛Catalog Task Record","reference":"sc_task","reference_display":"Catalog Task","type":"reference","base_type":"reference","attributes":{"element_mapping_provider":"com.glide.flow_design.action.data.FlowDesignVariableMapper"}}]</label_cache>
        <master>true</master>
        <name>task creation using incident</name>
        <natlang/>
        <outputs/>
        <parent_flow display_value="task creation using incident">8fde46d897b22110b180b466f053af23</parent_flow>
        <remote_trigger_id/>
        <run_as>user</run_as>
        <run_with_roles name="activity_admin">b453c203c3213100ad408039dfba8fb0</run_with_roles>
        <sc_callable>false</sc_callable>
        <status>published</status>
        <sys_class_name>sys_hub_flow_snapshot</sys_class_name>
        <sys_created_by>admin</sys_created_by>
        <sys_created_on>2023-05-10 10:05:02</sys_created_on>
        <sys_domain>global</sys_domain>
        <sys_domain_path>/</sys_domain_path>
        <sys_id>bedf061497f22110b180b466f053afd5</sys_id>
        <sys_mod_count>2</sys_mod_count>
        <sys_name/>
        <sys_overrides/>
        <sys_package/>
        <sys_policy>read</sys_policy>
        <sys_scope display_value="task creation app">1afd861c97b22110b180b466f053af3f</sys_scope>
        <sys_update_name/>
        <sys_updated_by>admin</sys_updated_by>
        <sys_updated_on>2023-05-10 12:52:13</sys_updated_on>
        <type>flow</type>
    </sys_hub_flow_snapshot>
    <sys_translated_text action="delete_multiple" query="documentkey=bedf061497f22110b180b466f053afd5"/>
    <sys_variable_value action="delete_multiple" query="document_key=bedf061497f22110b180b466f053afd5"/>
    <sys_hub_trigger_instance action="delete_multiple" query="flow=bedf061497f22110b180b466f053afd5^sys_idNOT IN4fdf461497f22110b180b466f053af02"/>
    <sys_hub_trigger_instance action="INSERT_OR_UPDATE">
        <comment/>
        <display_text/>
        <flow display_value="task creation using incident">bedf061497f22110b180b466f053afd5</flow>
        <name>Created</name>
        <remote_sys_id/>
        <sys_created_by>admin</sys_created_by>
        <sys_created_on>2023-05-10 10:05:03</sys_created_on>
        <sys_id>4fdf461497f22110b180b466f053af02</sys_id>
        <sys_mod_count>8</sys_mod_count>
        <sys_scope/>
        <sys_updated_by>admin</sys_updated_by>
        <sys_updated_on>2023-05-10 12:52:13</sys_updated_on>
        <trigger_definition display_value="Created">798916a0c31322002841b63b12d3ae7c</trigger_definition>
        <trigger_inputs/>
        <trigger_outputs/>
        <trigger_type>record_create</trigger_type>
    </sys_hub_trigger_instance>
    <sys_variable_value action="delete_multiple" query="document_key=4fdf461497f22110b180b466f053af02"/>
    <sys_variable_value action="INSERT_OR_UPDATE">
        <document>sys_hub_trigger_instance</document>
        <document_key>4fdf461497f22110b180b466f053af02</document_key>
        <order>1</order>
        <sys_class_name>sys_variable_value</sys_class_name>
        <sys_created_by>admin</sys_created_by>
        <sys_created_on>2023-05-10 10:05:03</sys_created_on>
        <sys_id>4bdf461497f22110b180b466f053af04</sys_id>
        <sys_mod_count>0</sys_mod_count>
        <sys_updated_by>admin</sys_updated_by>
        <sys_updated_on>2023-05-10 10:05:03</sys_updated_on>
        <value>incident</value>
        <variable display_value="Table">cfca92e0c31322002841b63b12d3ae00</variable>
    </sys_variable_value>
    <sys_variable_value action="INSERT_OR_UPDATE">
        <document>sys_hub_trigger_instance</document>
        <document_key>4fdf461497f22110b180b466f053af02</document_key>
        <order>100</order>
        <sys_class_name>sys_variable_value</sys_class_name>
        <sys_created_by>admin</sys_created_by>
        <sys_created_on>2023-05-10 10:05:03</sys_created_on>
        <sys_id>87df461497f22110b180b466f053af04</sys_id>
        <sys_mod_count>0</sys_mod_count>
        <sys_updated_by>admin</sys_updated_by>
        <sys_updated_on>2023-05-10 10:05:03</sys_updated_on>
        <value>^EQ</value>
        <variable display_value="Condition">66aadea0c31322002841b63b12d3aebf</variable>
    </sys_variable_value>
    <sys_hub_flow_stage action="delete_multiple" query="flow=bedf061497f22110b180b466f053afd5"/>
    <sys_flow_cat_variable_model action="delete_multiple" query="id=bedf061497f22110b180b466f053afd5^sys_idNOT INfedf061497f22110b180b466f053afd6"/>
    <sys_flow_cat_variable_model action="INSERT_OR_UPDATE">
        <id>bedf061497f22110b180b466f053afd5</id>
        <name>task creation using incident</name>
        <sys_created_by>admin</sys_created_by>
        <sys_created_on>2023-05-10 10:05:02</sys_created_on>
        <sys_id>fedf061497f22110b180b466f053afd6</sys_id>
        <sys_mod_count>0</sys_mod_count>
        <sys_scope/>
        <sys_updated_by>admin</sys_updated_by>
        <sys_updated_on>2023-05-10 10:05:02</sys_updated_on>
    </sys_flow_cat_variable_model>
    <sys_flow_cat_variable action="delete_multiple" query="flow_catalog_model=fedf061497f22110b180b466f053afd6"/>
    <sys_hub_flow_input action="delete_multiple" query="model=bedf061497f22110b180b466f053afd5^sys_idNOT IN36df061497f22110b180b466f053afef,76df061497f22110b180b466f053afd8"/>
    <sys_hub_flow_input action="INSERT_OR_UPDATE">
        <active>true</active>
        <array>false</array>
        <array_denormalized>false</array_denormalized>
        <attributes>element_mapping_provider=com.glide.flow_design.action.data.FlowDesignVariableMapper,test_input_hidden=true,uiType=table_name</attributes>
        <audit>false</audit>
        <calculation><![CDATA[(function calculatedFieldValue(current) {

	// Add your code here
	return '';  // return the calculated value

})(current);]]></calculation>
        <choice/>
        <choice_field/>
        <choice_table/>
        <column_label/>
        <comments/>
        <create_roles/>
        <default_value/>
        <defaultsort/>
        <delete_roles/>
        <dependent/>
        <dependent_on_field/>
        <display>false</display>
        <dynamic_creation>false</dynamic_creation>
        <dynamic_creation_script/>
        <dynamic_default_value/>
        <dynamic_ref_qual/>
        <element>table_name</element>
        <element_reference>false</element_reference>
        <foreign_database/>
        <formula/>
        <function_definition/>
        <function_field>false</function_field>
        <help/>
        <hint/>
        <internal_type display_value="">table_name</internal_type>
        <label>Table Name</label>
        <mandatory>false</mandatory>
        <max_length>200</max_length>
        <model display_value="task creation using incident">bedf061497f22110b180b466f053afd5</model>
        <model_id>bedf061497f22110b180b466f053afd5</model_id>
        <model_table>sys_hub_flow_snapshot</model_table>
        <name>var__m_sys_hub_flow_input_bedf061497f22110b180b466f053afd5</name>
        <next_element/>
        <order>101</order>
        <primary>false</primary>
        <read_only>false</read_only>
        <read_roles/>
        <reference/>
        <reference_cascade_rule/>
        <reference_floats>false</reference_floats>
        <reference_key/>
        <reference_qual/>
        <reference_qual_condition/>
        <reference_type/>
        <sizeclass/>
        <spell_check>false</spell_check>
        <staged>false</staged>
        <sys_class_name>sys_hub_flow_input</sys_class_name>
        <sys_created_by>admin</sys_created_by>
        <sys_created_on>2023-05-10 10:05:02</sys_created_on>
        <sys_id>36df061497f22110b180b466f053afef</sys_id>
        <sys_mod_count>4</sys_mod_count>
        <sys_name/>
        <sys_package/>
        <sys_policy>read</sys_policy>
        <sys_scope display_value="task creation app">1afd861c97b22110b180b466f053af3f</sys_scope>
        <sys_update_name/>
        <sys_updated_by>admin</sys_updated_by>
        <sys_updated_on>2023-05-10 12:52:12</sys_updated_on>
        <table_reference>false</table_reference>
        <text_index>false</text_index>
        <unique>false</unique>
        <use_dependent_field>false</use_dependent_field>
        <use_dynamic_default>false</use_dynamic_default>
        <use_reference_qualifier>simple</use_reference_qualifier>
        <virtual>false</virtual>
        <virtual_type>script</virtual_type>
        <widget/>
        <write_roles/>
        <xml_view>false</xml_view>
    </sys_hub_flow_input>
    <sys_hub_flow_input action="INSERT_OR_UPDATE">
        <active>true</active>
        <array>false</array>
        <array_denormalized>false</array_denormalized>
        <attributes>element_mapping_provider=com.glide.flow_design.action.data.FlowDesignVariableMapper,uiType=document_id</attributes>
        <audit>false</audit>
        <calculation><![CDATA[(function calculatedFieldValue(current) {

	// Add your code here
	return '';  // return the calculated value

})(current);]]></calculation>
        <choice/>
        <choice_field/>
        <choice_table/>
        <column_label/>
        <comments/>
        <create_roles/>
        <default_value/>
        <defaultsort/>
        <delete_roles/>
        <dependent>table_name</dependent>
        <dependent_on_field>table_name</dependent_on_field>
        <display>false</display>
        <dynamic_creation>false</dynamic_creation>
        <dynamic_creation_script/>
        <dynamic_default_value/>
        <dynamic_ref_qual/>
        <element>current</element>
        <element_reference>false</element_reference>
        <foreign_database/>
        <formula/>
        <function_definition/>
        <function_field>false</function_field>
        <help/>
        <hint/>
        <internal_type display_value="">document_id</internal_type>
        <label>Record</label>
        <mandatory>true</mandatory>
        <max_length>200</max_length>
        <model display_value="task creation using incident">bedf061497f22110b180b466f053afd5</model>
        <model_id>bedf061497f22110b180b466f053afd5</model_id>
        <model_table>sys_hub_flow_snapshot</model_table>
        <name>var__m_sys_hub_flow_input_bedf061497f22110b180b466f053afd5</name>
        <next_element/>
        <order>100</order>
        <primary>false</primary>
        <read_only>false</read_only>
        <read_roles/>
        <reference/>
        <reference_cascade_rule/>
        <reference_floats>false</reference_floats>
        <reference_key/>
        <reference_qual/>
        <reference_qual_condition/>
        <reference_type/>
        <sizeclass/>
        <spell_check>false</spell_check>
        <staged>false</staged>
        <sys_class_name>sys_hub_flow_input</sys_class_name>
        <sys_created_by>admin</sys_created_by>
        <sys_created_on>2023-05-10 10:05:02</sys_created_on>
        <sys_id>76df061497f22110b180b466f053afd8</sys_id>
        <sys_mod_count>4</sys_mod_count>
        <sys_name/>
        <sys_package/>
        <sys_policy>read</sys_policy>
        <sys_scope display_value="task creation app">1afd861c97b22110b180b466f053af3f</sys_scope>
        <sys_update_name/>
        <sys_updated_by>admin</sys_updated_by>
        <sys_updated_on>2023-05-10 12:52:12</sys_updated_on>
        <table_reference>false</table_reference>
        <text_index>false</text_index>
        <unique>false</unique>
        <use_dependent_field>true</use_dependent_field>
        <use_dynamic_default>false</use_dynamic_default>
        <use_reference_qualifier>simple</use_reference_qualifier>
        <virtual>false</virtual>
        <virtual_type>script</virtual_type>
        <widget/>
        <write_roles/>
        <xml_view>false</xml_view>
    </sys_hub_flow_input>
    <sys_hub_flow_output action="delete_multiple" query="model=bedf061497f22110b180b466f053afd5"/>
    <sys_hub_alias_mapping action="delete_multiple" query="source_id=bedf061497f22110b180b466f053afd5"/>
    <sys_hub_action_instance action="delete_multiple" query="flow=bedf061497f22110b180b466f053afd5^sys_idNOT IN8fdf061497f22110b180b466f053afff"/>
    <sys_hub_action_instance action="INSERT_OR_UPDATE">
        <action_inputs/>
        <action_type display_value="Create Task">2b3a6335531003003bf1d9109ec58759</action_type>
        <action_type_parent display_value="Create Task">3f9b1ff1531003003bf1d9109ec58775</action_type_parent>
        <comment/>
        <display_text/>
        <flow display_value="task creation using incident">bedf061497f22110b180b466f053afd5</flow>
        <order>1</order>
        <parent_ui_id/>
        <sys_class_name>sys_hub_action_instance</sys_class_name>
        <sys_created_by>admin</sys_created_by>
        <sys_created_on>2023-05-10 10:05:03</sys_created_on>
        <sys_id>8fdf061497f22110b180b466f053afff</sys_id>
        <sys_mod_count>10</sys_mod_count>
        <sys_scope display_value="task creation app">1afd861c97b22110b180b466f053af3f</sys_scope>
        <sys_updated_by>admin</sys_updated_by>
        <sys_updated_on>2023-05-10 12:52:12</sys_updated_on>
        <ui_id>4f5f6225-f17f-4ead-ba83-bde13a95b95a</ui_id>
    </sys_hub_action_instance>
    <sys_variable_value action="delete_multiple" query="document_key=8fdf061497f22110b180b466f053afff"/>
    <sys_variable_value action="INSERT_OR_UPDATE">
        <document>sys_hub_action_instance</document>
        <document_key>8fdf061497f22110b180b466f053afff</document_key>
        <order>0</order>
        <sys_class_name>sys_variable_value</sys_class_name>
        <sys_created_by>admin</sys_created_by>
        <sys_created_on>2023-05-10 10:05:03</sys_created_on>
        <sys_id>03df461497f22110b180b466f053af02</sys_id>
        <sys_mod_count>0</sys_mod_count>
        <sys_updated_by>admin</sys_updated_by>
        <sys_updated_on>2023-05-10 10:05:03</sys_updated_on>
        <value>sc_task</value>
        <variable display_value="Table">e73a6335531003003bf1d9109ec5875c</variable>
    </sys_variable_value>
    <sys_variable_value action="INSERT_OR_UPDATE">
        <document>sys_hub_action_instance</document>
        <document_key>8fdf061497f22110b180b466f053afff</document_key>
        <order>1</order>
        <sys_class_name>sys_variable_value</sys_class_name>
        <sys_created_by>admin</sys_created_by>
        <sys_created_on>2023-05-10 10:05:03</sys_created_on>
        <sys_id>c7df461497f22110b180b466f053af02</sys_id>
        <sys_mod_count>0</sys_mod_count>
        <sys_updated_by>admin</sys_updated_by>
        <sys_updated_on>2023-05-10 10:05:03</sys_updated_on>
        <value>active=true^assigned_to={"display":"Aileen Mottern","value":"71826bf03710200044e0bfc8bcbe5d3b","table":"sys_user","sys_id":"71826bf03710200044e0bfc8bcbe5d3b"}^short_description=Task creation using incident - scoped app</value>
        <variable display_value="Field Values">273a6335531003003bf1d9109ec5876b</variable>
    </sys_variable_value>
    <sys_element_mapping action="delete_multiple" query="table=var__m_sys_hub_action_input_2b3a6335531003003bf1d9109ec58759^id=8fdf061497f22110b180b466f053afff"/>
    <sys_hub_input_scripts action="delete_multiple" query="instance=8fdf061497f22110b180b466f053afff"/>
    <sys_hub_alias_mapping action="delete_multiple" query="source_id=8fdf061497f22110b180b466f053afff"/>
    <sys_hub_sub_flow_instance action="delete_multiple" query="flow=bedf061497f22110b180b466f053afd5"/>
    <sys_hub_flow_logic action="delete_multiple" query="flow=bedf061497f22110b180b466f053afd5"/>
    <sys_hub_pill_compound action="delete_multiple" query="attached_to=bedf061497f22110b180b466f053afd5"/>
    <sys_hub_flow_variable action="delete_multiple" query="model=bedf061497f22110b180b466f053afd5"/>
    <sys_documentation action="delete_multiple" query="name=var__m_sys_hub_flow_input_bedf061497f22110b180b466f053afd5^sys_idNOT IN8bdf061497f22110b180b466f053aff3,fadf061497f22110b180b466f053afeb"/>
    <sys_documentation action="INSERT_OR_UPDATE">
        <element>table_name</element>
        <help/>
        <hint/>
        <label>Table Name</label>
        <language>en</language>
        <name>var__m_sys_hub_flow_input_bedf061497f22110b180b466f053afd5</name>
        <plural/>
        <sys_class_name>sys_documentation</sys_class_name>
        <sys_created_by>admin</sys_created_by>
        <sys_created_on>2023-05-10 10:05:02</sys_created_on>
        <sys_id>8bdf061497f22110b180b466f053aff3</sys_id>
        <sys_mod_count>0</sys_mod_count>
        <sys_name/>
        <sys_package display_value="task creation app" source="x_916786_task_crea">1afd861c97b22110b180b466f053af3f</sys_package>
        <sys_policy/>
        <sys_scope display_value="task creation app">1afd861c97b22110b180b466f053af3f</sys_scope>
        <sys_update_name/>
        <sys_updated_by>admin</sys_updated_by>
        <sys_updated_on>2023-05-10 10:05:02</sys_updated_on>
        <url/>
        <url_target/>
    </sys_documentation>
    <sys_documentation action="INSERT_OR_UPDATE">
        <element>current</element>
        <help/>
        <hint/>
        <label>Record</label>
        <language>en</language>
        <name>var__m_sys_hub_flow_input_bedf061497f22110b180b466f053afd5</name>
        <plural/>
        <sys_class_name>sys_documentation</sys_class_name>
        <sys_created_by>admin</sys_created_by>
        <sys_created_on>2023-05-10 10:05:02</sys_created_on>
        <sys_id>fadf061497f22110b180b466f053afeb</sys_id>
        <sys_mod_count>0</sys_mod_count>
        <sys_name/>
        <sys_package display_value="task creation app" source="x_916786_task_crea">1afd861c97b22110b180b466f053af3f</sys_package>
        <sys_policy/>
        <sys_scope display_value="task creation app">1afd861c97b22110b180b466f053af3f</sys_scope>
        <sys_update_name/>
        <sys_updated_by>admin</sys_updated_by>
        <sys_updated_on>2023-05-10 10:05:02</sys_updated_on>
        <url/>
        <url_target/>
    </sys_documentation>
    <sys_choice action="delete_multiple" query="name=var__m_sys_hub_flow_input_bedf061497f22110b180b466f053afd5"/>
    <sys_documentation action="delete_multiple" query="name=var__m_sys_hub_flow_output_bedf061497f22110b180b466f053afd5"/>
    <sys_choice action="delete_multiple" query="name=var__m_sys_hub_flow_output_bedf061497f22110b180b466f053afd5"/>
    <sys_hub_flow action="UPDATE">
        <sys_id>8fde46d897b22110b180b466f053af23</sys_id>
        <latest_snapshot>bedf061497f22110b180b466f053afd5</latest_snapshot>
        <compiler_build>glide-tokyo-07-08-2022__patch4a-01-03-2023_01-11-2023_0813.zip</compiler_build>
    </sys_hub_flow>
</record_update>
