<?xml version="1.0" encoding="UTF-8"?><record_update sys_domain="global" table="sys_hub_action_type_definition">
    <sys_hub_action_type_definition action="INSERT_OR_UPDATE">
        <access>package_private</access>
        <acls/>
        <action_status/>
        <action_template/>
        <active>true</active>
        <annotation/>
        <callable_by_client_api>false</callable_by_client_api>
        <category/>
        <copied_from/>
        <copied_from_name/>
        <description/>
        <ih_action>false</ih_action>
        <internal_name>custom_action__read_only</internal_name>
        <label_cache>[]</label_cache>
        <master_snapshot>b048c76897766110b180b466f053af6f</master_snapshot>
        <name>custom action - read only</name>
        <natlang/>
        <outputs/>
        <pre_compiled>false</pre_compiled>
        <state>published</state>
        <sys_class_name>sys_hub_action_type_definition</sys_class_name>
        <sys_created_by>admin</sys_created_by>
        <sys_created_on>2023-05-11 08:48:56</sys_created_on>
        <sys_domain>global</sys_domain>
        <sys_domain_path>/</sys_domain_path>
        <sys_id>4a088b2897766110b180b466f053af67</sys_id>
        <sys_mod_count>10</sys_mod_count>
        <sys_name>custom action - read only</sys_name>
        <sys_overrides/>
        <sys_package display_value="task creation app" source="x_916786_task_crea">1afd861c97b22110b180b466f053af3f</sys_package>
        <sys_policy>read</sys_policy>
        <sys_scope display_value="task creation app">1afd861c97b22110b180b466f053af3f</sys_scope>
        <sys_update_name>sys_hub_action_type_definition_4a088b2897766110b180b466f053af67</sys_update_name>
        <sys_updated_by>admin</sys_updated_by>
        <sys_updated_on>2023-05-11 08:53:10</sys_updated_on>
        <system_level>false</system_level>
        <type/>
    </sys_hub_action_type_definition>
    <sys_translated_text action="delete_multiple" query="documentkey=4a088b2897766110b180b466f053af67"/>
    <sys_variable_value action="delete_multiple" query="document_key=4a088b2897766110b180b466f053af67"/>
    <sys_variable_value action="INSERT_OR_UPDATE">
        <document>sys_hub_action_type_definition</document>
        <document_key>4a088b2897766110b180b466f053af67</document_key>
        <order>1</order>
        <sys_class_name>sys_variable_value</sys_class_name>
        <sys_created_by>admin</sys_created_by>
        <sys_created_on>2023-05-11 08:49:57</sys_created_on>
        <sys_id>b448c76897766110b180b466f053af57</sys_id>
        <sys_mod_count>0</sys_mod_count>
        <sys_updated_by>admin</sys_updated_by>
        <sys_updated_on>2023-05-11 08:49:57</sys_updated_on>
        <value>{"version":"1.0","complexObject":{},"serializationFormat":"JSON","complexObjectSchema":{"FlowDesigner:FDACTIONSTATUS":{},"FlowDesigner:FDACTIONSTATUS.$type_facets":{"SimpleMapFacet":"{\"sourceId\":\"\",\"default_value\":\"\",\"label\":\"Action Status\",\"action_error_output\":\"true\",\"mandatory\":\"false\",\"uiUniqueId\":\"8170928b-5a18-490e-9da7-45e9e678635a\",\"uiTypeLabel\":\"Object\",\"co_type_name\":\"FDACTIONSTATUS\",\"element_mapping_provider\":\"com.glide.flow_design.action.data.FlowDesignVariableMapper\",\"read_only\":\"false\",\"sourceUiUniqueId\":\"\",\"sourceType\":\"\",\"hint\":\"\",\"uiType\":\"object\",\"order\":\"1\",\"max_length\":\"65000\"}"}}}</value>
        <variable display_value="Action Status">2048c76897766110b180b466f053af48</variable>
    </sys_variable_value>
    <sys_variable_value action="INSERT_OR_UPDATE">
        <document>sys_hub_action_type_definition</document>
        <document_key>4a088b2897766110b180b466f053af67</document_key>
        <order>2</order>
        <sys_class_name>sys_variable_value</sys_class_name>
        <sys_created_by>admin</sys_created_by>
        <sys_created_on>2023-05-11 08:49:57</sys_created_on>
        <sys_id>f048c76897766110b180b466f053af57</sys_id>
        <sys_mod_count>0</sys_mod_count>
        <sys_updated_by>admin</sys_updated_by>
        <sys_updated_on>2023-05-11 08:49:57</sys_updated_on>
        <value>0</value>
        <variable display_value="Don't Treat as Error">f448c76897766110b180b466f053af4f</variable>
    </sys_variable_value>
    <sys_element_mapping action="delete_multiple" query="table=var__m_sys_hub_action_output_4a088b2897766110b180b466f053af67^id=4a088b2897766110b180b466f053af67"/>
    <sys_hub_step_instance action="delete_multiple" query="action=4a088b2897766110b180b466f053af67^sys_idNOT IN7f384b2897766110b180b466f053af2f"/>
    <sys_hub_step_instance action="INSERT_OR_UPDATE">
        <action display_value="custom action - read only">4a088b2897766110b180b466f053af67</action>
        <cid>fc00bb17-2476-4e43-964e-0234c423024e</cid>
        <error_handling_type>1</error_handling_type>
        <extended_inputs/>
        <extended_outputs/>
        <icon/>
        <inputs/>
        <label>Script step</label>
        <order>1</order>
        <outputs/>
        <section/>
        <step_type display_value="Script">106afb6647032200b4fad7527c9a71e7</step_type>
        <sys_created_by>admin</sys_created_by>
        <sys_created_on>2023-05-11 08:49:54</sys_created_on>
        <sys_id>7f384b2897766110b180b466f053af2f</sys_id>
        <sys_mod_count>2</sys_mod_count>
        <sys_scope display_value="task creation app">1afd861c97b22110b180b466f053af3f</sys_scope>
        <sys_updated_by>admin</sys_updated_by>
        <sys_updated_on>2023-05-11 08:53:05</sys_updated_on>
    </sys_hub_step_instance>
    <sys_variable_value action="delete_multiple" query="document_key=7f384b2897766110b180b466f053af2f"/>
    <sys_variable_value action="INSERT_OR_UPDATE">
        <document>sys_hub_step_instance</document>
        <document_key>7f384b2897766110b180b466f053af2f</document_key>
        <order>600</order>
        <sys_class_name>sys_variable_value</sys_class_name>
        <sys_created_by>admin</sys_created_by>
        <sys_created_on>2023-05-11 08:49:54</sys_created_on>
        <sys_id>bb38876897766110b180b466f053afe2</sys_id>
        <sys_mod_count>1</sys_mod_count>
        <sys_updated_by>admin</sys_updated_by>
        <sys_updated_on>2023-05-11 08:53:05</sys_updated_on>
        <value>(function execute(inputs, outputs) {
// ... code ...
  var n = 1;
})(inputs, outputs);
</value>
        <variable display_value="Script">71aa7f6647032200b4fad7527c9a719b</variable>
    </sys_variable_value>
    <sys_variable_value action="INSERT_OR_UPDATE">
        <document>sys_hub_step_instance</document>
        <document_key>7f384b2897766110b180b466f053af2f</document_key>
        <order>400</order>
        <sys_class_name>sys_variable_value</sys_class_name>
        <sys_created_by>admin</sys_created_by>
        <sys_created_on>2023-05-11 08:49:54</sys_created_on>
        <sys_id>f338876897766110b180b466f053afe2</sys_id>
        <sys_mod_count>0</sys_mod_count>
        <sys_updated_by>admin</sys_updated_by>
        <sys_updated_on>2023-05-11 08:49:54</sys_updated_on>
        <value>35aa573fd7802200bdbaee5b5e610375</value>
        <variable display_value="MID Application">f5e56d79b3101300176b051a16a8dce4</variable>
    </sys_variable_value>
    <sys_element_mapping action="delete_multiple" query="table=var__m_sys_flow_step_definition_input_106afb6647032200b4fad7527c9a71e7^id=7f384b2897766110b180b466f053af2f"/>
    <sys_hub_step_ext_input action="delete_multiple" query="model=7f384b2897766110b180b466f053af2f"/>
    <sys_hub_step_ext_output action="delete_multiple" query="model=7f384b2897766110b180b466f053af2f"/>
    <sys_hub_input_scripts action="delete_multiple" query="instance=7f384b2897766110b180b466f053af2f"/>
    <sys_documentation action="delete_multiple" query="name=var__m_sys_hub_step_ext_output_7f384b2897766110b180b466f053af2f"/>
    <sys_hub_action_input action="delete_multiple" query="model=4a088b2897766110b180b466f053af67"/>
    <sys_hub_action_output action="delete_multiple" query="model=4a088b2897766110b180b466f053af67^sys_idNOT IN2048c76897766110b180b466f053af48,f448c76897766110b180b466f053af4f"/>
    <sys_hub_action_output action="INSERT_OR_UPDATE">
        <active>true</active>
        <array>false</array>
        <array_denormalized>false</array_denormalized>
        <attributes>action_error_output=true,co_type_name=FDACTIONSTATUS,element_mapping_provider=com.glide.flow_design.action.data.FlowDesignVariableMapper,uiType=object,uiTypeLabel=Object,uiUniqueId=2a564652-a1bb-45e8-9452-15fa7037702f</attributes>
        <audit>false</audit>
        <calculation><![CDATA[(function calculatedFieldValue(current) {

	// Add your code here
	return '';  // return the calculated value

})(current);]]></calculation>
        <choice/>
        <choice_field/>
        <choice_table/>
        <column_label/>
        <comments/>
        <create_roles/>
        <default_value/>
        <defaultsort/>
        <delete_roles/>
        <dependent/>
        <dependent_on_field/>
        <display>false</display>
        <dynamic_creation>false</dynamic_creation>
        <dynamic_creation_script/>
        <dynamic_default_value/>
        <dynamic_ref_qual/>
        <element>__action_status__</element>
        <element_prototype/>
        <element_reference>false</element_reference>
        <foreign_database/>
        <formula/>
        <function_definition/>
        <function_field>false</function_field>
        <help/>
        <hint/>
        <internal_link/>
        <internal_type display_value="String">string</internal_type>
        <label>Action Status</label>
        <mandatory>false</mandatory>
        <max_length>65000</max_length>
        <model display_value="custom action - read only">4a088b2897766110b180b466f053af67</model>
        <model_id>4a088b2897766110b180b466f053af67</model_id>
        <model_table>sys_hub_action_type_definition</model_table>
        <name>var__m_sys_hub_action_output_4a088b2897766110b180b466f053af67</name>
        <next_element/>
        <order>1</order>
        <primary>false</primary>
        <read_only>false</read_only>
        <read_roles/>
        <reference/>
        <reference_cascade_rule/>
        <reference_floats>false</reference_floats>
        <reference_key/>
        <reference_qual/>
        <reference_qual_condition/>
        <reference_type/>
        <sizeclass/>
        <spell_check>false</spell_check>
        <staged>false</staged>
        <sys_class_name>sys_hub_action_output</sys_class_name>
        <sys_created_by>admin</sys_created_by>
        <sys_created_on>2023-05-11 08:49:57</sys_created_on>
        <sys_id>2048c76897766110b180b466f053af48</sys_id>
        <sys_mod_count>0</sys_mod_count>
        <sys_name/>
        <sys_package/>
        <sys_policy>read</sys_policy>
        <sys_scope display_value="task creation app">1afd861c97b22110b180b466f053af3f</sys_scope>
        <sys_update_name/>
        <sys_updated_by>admin</sys_updated_by>
        <sys_updated_on>2023-05-11 08:49:57</sys_updated_on>
        <table_reference>false</table_reference>
        <text_index>false</text_index>
        <unique>false</unique>
        <use_dependent_field>false</use_dependent_field>
        <use_dynamic_default>false</use_dynamic_default>
        <use_reference_qualifier>simple</use_reference_qualifier>
        <virtual>false</virtual>
        <virtual_type>script</virtual_type>
        <widget/>
        <write_roles/>
        <xml_view>false</xml_view>
    </sys_hub_action_output>
    <sys_hub_action_input_action_instance action="delete_multiple" query="action_input=2048c76897766110b180b466f053af48"/>
    <sys_hub_input_scripts action="delete_multiple" query="instance=2048c76897766110b180b466f053af48"/>
    <sys_hub_action_output action="INSERT_OR_UPDATE">
        <active>true</active>
        <array>false</array>
        <array_denormalized>false</array_denormalized>
        <attributes>action_error_output=true,element_mapping_provider=com.glide.flow_design.action.data.FlowDesignVariableMapper,uiType=boolean,uiTypeLabel=True/False,uiUniqueId=3ec48db4-e765-45d3-9367-9bb5672a616d,visible_in_ui=false</attributes>
        <audit>false</audit>
        <calculation><![CDATA[(function calculatedFieldValue(current) {

	// Add your code here
	return '';  // return the calculated value

})(current);]]></calculation>
        <choice/>
        <choice_field/>
        <choice_table/>
        <column_label/>
        <comments/>
        <create_roles/>
        <default_value>true</default_value>
        <defaultsort/>
        <delete_roles/>
        <dependent/>
        <dependent_on_field/>
        <display>false</display>
        <dynamic_creation>false</dynamic_creation>
        <dynamic_creation_script/>
        <dynamic_default_value/>
        <dynamic_ref_qual/>
        <element>__dont_treat_as_error__</element>
        <element_prototype/>
        <element_reference>false</element_reference>
        <foreign_database/>
        <formula/>
        <function_definition/>
        <function_field>false</function_field>
        <help/>
        <hint/>
        <internal_link/>
        <internal_type display_value="">boolean</internal_type>
        <label>Don't Treat as Error</label>
        <mandatory>false</mandatory>
        <max_length>40</max_length>
        <model display_value="custom action - read only">4a088b2897766110b180b466f053af67</model>
        <model_id>4a088b2897766110b180b466f053af67</model_id>
        <model_table>sys_hub_action_type_definition</model_table>
        <name>var__m_sys_hub_action_output_4a088b2897766110b180b466f053af67</name>
        <next_element/>
        <order>2</order>
        <primary>false</primary>
        <read_only>false</read_only>
        <read_roles/>
        <reference/>
        <reference_cascade_rule/>
        <reference_floats>false</reference_floats>
        <reference_key/>
        <reference_qual/>
        <reference_qual_condition/>
        <reference_type/>
        <sizeclass/>
        <spell_check>false</spell_check>
        <staged>false</staged>
        <sys_class_name>sys_hub_action_output</sys_class_name>
        <sys_created_by>admin</sys_created_by>
        <sys_created_on>2023-05-11 08:49:57</sys_created_on>
        <sys_id>f448c76897766110b180b466f053af4f</sys_id>
        <sys_mod_count>1</sys_mod_count>
        <sys_name/>
        <sys_package/>
        <sys_policy>read</sys_policy>
        <sys_scope display_value="task creation app">1afd861c97b22110b180b466f053af3f</sys_scope>
        <sys_update_name/>
        <sys_updated_by>admin</sys_updated_by>
        <sys_updated_on>2023-05-11 08:49:57</sys_updated_on>
        <table_reference>false</table_reference>
        <text_index>false</text_index>
        <unique>false</unique>
        <use_dependent_field>false</use_dependent_field>
        <use_dynamic_default>false</use_dynamic_default>
        <use_reference_qualifier>simple</use_reference_qualifier>
        <virtual>false</virtual>
        <virtual_type>script</virtual_type>
        <widget/>
        <write_roles/>
        <xml_view>false</xml_view>
    </sys_hub_action_output>
    <sys_hub_action_input_action_instance action="delete_multiple" query="action_input=f448c76897766110b180b466f053af4f"/>
    <sys_hub_input_scripts action="delete_multiple" query="instance=f448c76897766110b180b466f053af4f"/>
    <sys_hub_pill_compound action="delete_multiple" query="attached_to=4a088b2897766110b180b466f053af67"/>
    <sys_hub_action_status_metadata action="delete_multiple" query="action_type_id=4a088b2897766110b180b466f053af67^sys_idNOT INb338876897766110b180b466f053afe6"/>
    <sys_hub_action_status_metadata action="INSERT_OR_UPDATE">
        <action_type_id display_value="custom action - read only">4a088b2897766110b180b466f053af67</action_type_id>
        <sys_created_by>admin</sys_created_by>
        <sys_created_on>2023-05-11 08:49:54</sys_created_on>
        <sys_id>b338876897766110b180b466f053afe6</sys_id>
        <sys_mod_count>0</sys_mod_count>
        <sys_updated_by>admin</sys_updated_by>
        <sys_updated_on>2023-05-11 08:49:54</sys_updated_on>
    </sys_hub_action_status_metadata>
    <sys_hub_status_condition action="delete_multiple" query="action_status_metadata_id=b338876897766110b180b466f053afe6"/>
    <sys_documentation action="delete_multiple" query="name=var__m_sys_hub_action_input_4a088b2897766110b180b466f053af67"/>
    <sys_choice action="delete_multiple" query="name=var__m_sys_hub_action_input_4a088b2897766110b180b466f053af67"/>
    <sys_documentation action="delete_multiple" query="name=var__m_sys_hub_action_output_4a088b2897766110b180b466f053af67^sys_idNOT IN3448c76897766110b180b466f053af4e,3848c76897766110b180b466f053af54"/>
    <sys_documentation action="INSERT_OR_UPDATE">
        <element>__action_status__</element>
        <help/>
        <hint/>
        <label>Action Status</label>
        <language>en</language>
        <name>var__m_sys_hub_action_output_4a088b2897766110b180b466f053af67</name>
        <plural/>
        <sys_class_name>sys_documentation</sys_class_name>
        <sys_created_by>admin</sys_created_by>
        <sys_created_on>2023-05-11 08:49:57</sys_created_on>
        <sys_id>3448c76897766110b180b466f053af4e</sys_id>
        <sys_mod_count>0</sys_mod_count>
        <sys_name/>
        <sys_package display_value="task creation app" source="x_916786_task_crea">1afd861c97b22110b180b466f053af3f</sys_package>
        <sys_policy/>
        <sys_scope display_value="task creation app">1afd861c97b22110b180b466f053af3f</sys_scope>
        <sys_update_name/>
        <sys_updated_by>admin</sys_updated_by>
        <sys_updated_on>2023-05-11 08:49:57</sys_updated_on>
        <url/>
        <url_target/>
    </sys_documentation>
    <sys_documentation action="INSERT_OR_UPDATE">
        <element>__dont_treat_as_error__</element>
        <help/>
        <hint/>
        <label>Don't Treat as Error</label>
        <language>en</language>
        <name>var__m_sys_hub_action_output_4a088b2897766110b180b466f053af67</name>
        <plural/>
        <sys_class_name>sys_documentation</sys_class_name>
        <sys_created_by>admin</sys_created_by>
        <sys_created_on>2023-05-11 08:49:57</sys_created_on>
        <sys_id>3848c76897766110b180b466f053af54</sys_id>
        <sys_mod_count>0</sys_mod_count>
        <sys_name/>
        <sys_package display_value="task creation app" source="x_916786_task_crea">1afd861c97b22110b180b466f053af3f</sys_package>
        <sys_policy/>
        <sys_scope display_value="task creation app">1afd861c97b22110b180b466f053af3f</sys_scope>
        <sys_update_name/>
        <sys_updated_by>admin</sys_updated_by>
        <sys_updated_on>2023-05-11 08:49:57</sys_updated_on>
        <url/>
        <url_target/>
    </sys_documentation>
    <sys_choice action="delete_multiple" query="name=var__m_sys_hub_action_output_4a088b2897766110b180b466f053af67"/>
    <sys_hub_action_plan action="delete_multiple" query="action_id=4a088b2897766110b180b466f053af67^sys_idNOT IN0548c76897766110b180b466f053aff9"/>
    <sys_hub_action_plan action="INSERT_OR_UPDATE">
        <action_id display_value="custom action - read only">4a088b2897766110b180b466f053af67</action_id>
        <plan>{"persistor":{"@class":".ChunkingPlanPersistor","table":"sys_hub_action_plan","id":"0548c76897766110b180b466f053aff9","name":"plan","plan_signature":null}}</plan>
        <snapshot>7ff887a897766110b180b466f053afcc</snapshot>
        <sys_created_by>admin</sys_created_by>
        <sys_created_on>2023-05-11 08:49:58</sys_created_on>
        <sys_domain>global</sys_domain>
        <sys_domain_path>/</sys_domain_path>
        <sys_id>0548c76897766110b180b466f053aff9</sys_id>
        <sys_mod_count>1</sys_mod_count>
        <sys_overrides/>
        <sys_scope/>
        <sys_updated_by>admin</sys_updated_by>
        <sys_updated_on>2023-05-11 08:53:11</sys_updated_on>
    </sys_hub_action_plan>
    <sys_hub_action_type_snapshot action="INSERT_OR_UPDATE">
        <access>package_private</access>
        <acls/>
        <action_status/>
        <action_template/>
        <annotation/>
        <callable_by_client_api>false</callable_by_client_api>
        <category/>
        <copied_from/>
        <copied_from_name/>
        <description/>
        <internal_name>custom_action__read_only</internal_name>
        <label_cache>[]</label_cache>
        <master>true</master>
        <name>custom action - read only</name>
        <natlang/>
        <outputs/>
        <parent_action display_value="custom action - read only">4a088b2897766110b180b466f053af67</parent_action>
        <sys_class_name>sys_hub_action_type_snapshot</sys_class_name>
        <sys_created_by>admin</sys_created_by>
        <sys_created_on>2023-05-11 08:49:57</sys_created_on>
        <sys_domain>global</sys_domain>
        <sys_domain_path>/</sys_domain_path>
        <sys_id>b048c76897766110b180b466f053af6f</sys_id>
        <sys_mod_count>1</sys_mod_count>
        <sys_name/>
        <sys_overrides/>
        <sys_package/>
        <sys_policy>read</sys_policy>
        <sys_scope display_value="task creation app">1afd861c97b22110b180b466f053af3f</sys_scope>
        <sys_update_name/>
        <sys_updated_by>admin</sys_updated_by>
        <sys_updated_on>2023-05-11 08:53:10</sys_updated_on>
        <system_level>false</system_level>
        <type/>
    </sys_hub_action_type_snapshot>
    <sys_translated_text action="delete_multiple" query="documentkey=b048c76897766110b180b466f053af6f"/>
    <sys_variable_value action="delete_multiple" query="document_key=b048c76897766110b180b466f053af6f"/>
    <sys_variable_value action="INSERT_OR_UPDATE">
        <document>sys_hub_action_type_snapshot</document>
        <document_key>b048c76897766110b180b466f053af6f</document_key>
        <order>1</order>
        <sys_class_name>sys_variable_value</sys_class_name>
        <sys_created_by>admin</sys_created_by>
        <sys_created_on>2023-05-11 08:49:58</sys_created_on>
        <sys_id>b448c76897766110b180b466f053af87</sys_id>
        <sys_mod_count>0</sys_mod_count>
        <sys_updated_by>admin</sys_updated_by>
        <sys_updated_on>2023-05-11 08:49:58</sys_updated_on>
        <value>{"version":"1.0","complexObject":{},"serializationFormat":"JSON","complexObjectSchema":{"FlowDesigner:FDACTIONSTATUS":{},"FlowDesigner:FDACTIONSTATUS.$type_facets":{"SimpleMapFacet":"{\"sourceId\":\"\",\"default_value\":\"\",\"label\":\"Action Status\",\"action_error_output\":\"true\",\"mandatory\":\"false\",\"uiUniqueId\":\"8170928b-5a18-490e-9da7-45e9e678635a\",\"uiTypeLabel\":\"Object\",\"co_type_name\":\"FDACTIONSTATUS\",\"element_mapping_provider\":\"com.glide.flow_design.action.data.FlowDesignVariableMapper\",\"read_only\":\"false\",\"sourceUiUniqueId\":\"\",\"sourceType\":\"\",\"hint\":\"\",\"uiType\":\"object\",\"order\":\"1\",\"max_length\":\"65000\"}"}}}</value>
        <variable display_value="Action Status">b848c76897766110b180b466f053af7b</variable>
    </sys_variable_value>
    <sys_variable_value action="INSERT_OR_UPDATE">
        <document>sys_hub_action_type_snapshot</document>
        <document_key>b048c76897766110b180b466f053af6f</document_key>
        <order>2</order>
        <sys_class_name>sys_variable_value</sys_class_name>
        <sys_created_by>admin</sys_created_by>
        <sys_created_on>2023-05-11 08:49:58</sys_created_on>
        <sys_id>f048c76897766110b180b466f053af87</sys_id>
        <sys_mod_count>0</sys_mod_count>
        <sys_updated_by>admin</sys_updated_by>
        <sys_updated_on>2023-05-11 08:49:58</sys_updated_on>
        <value>0</value>
        <variable display_value="Don't Treat as Error">3048c76897766110b180b466f053af80</variable>
    </sys_variable_value>
    <sys_element_mapping action="delete_multiple" query="table=var__m_sys_hub_action_output_b048c76897766110b180b466f053af6f^id=b048c76897766110b180b466f053af6f"/>
    <sys_hub_step_instance action="delete_multiple" query="action=b048c76897766110b180b466f053af6f^sys_idNOT IN3048c76897766110b180b466f053af73"/>
    <sys_hub_step_instance action="INSERT_OR_UPDATE">
        <action display_value="custom action - read only">b048c76897766110b180b466f053af6f</action>
        <cid>fc00bb17-2476-4e43-964e-0234c423024e</cid>
        <error_handling_type>1</error_handling_type>
        <extended_inputs/>
        <extended_outputs/>
        <icon/>
        <inputs/>
        <label>Script step</label>
        <order>1</order>
        <outputs/>
        <section/>
        <step_type display_value="Script">106afb6647032200b4fad7527c9a71e7</step_type>
        <sys_created_by>admin</sys_created_by>
        <sys_created_on>2023-05-11 08:49:57</sys_created_on>
        <sys_id>3048c76897766110b180b466f053af73</sys_id>
        <sys_mod_count>2</sys_mod_count>
        <sys_scope display_value="task creation app">1afd861c97b22110b180b466f053af3f</sys_scope>
        <sys_updated_by>admin</sys_updated_by>
        <sys_updated_on>2023-05-11 08:53:10</sys_updated_on>
    </sys_hub_step_instance>
    <sys_variable_value action="delete_multiple" query="document_key=3048c76897766110b180b466f053af73"/>
    <sys_variable_value action="INSERT_OR_UPDATE">
        <document>sys_hub_step_instance</document>
        <document_key>3048c76897766110b180b466f053af73</document_key>
        <order>400</order>
        <sys_class_name>sys_variable_value</sys_class_name>
        <sys_created_by>admin</sys_created_by>
        <sys_created_on>2023-05-11 08:49:57</sys_created_on>
        <sys_id>3848c76897766110b180b466f053af79</sys_id>
        <sys_mod_count>0</sys_mod_count>
        <sys_updated_by>admin</sys_updated_by>
        <sys_updated_on>2023-05-11 08:49:57</sys_updated_on>
        <value>35aa573fd7802200bdbaee5b5e610375</value>
        <variable display_value="MID Application">f5e56d79b3101300176b051a16a8dce4</variable>
    </sys_variable_value>
    <sys_variable_value action="INSERT_OR_UPDATE">
        <document>sys_hub_step_instance</document>
        <document_key>3048c76897766110b180b466f053af73</document_key>
        <order>600</order>
        <sys_class_name>sys_variable_value</sys_class_name>
        <sys_created_by>admin</sys_created_by>
        <sys_created_on>2023-05-11 08:49:57</sys_created_on>
        <sys_id>f848c76897766110b180b466f053af79</sys_id>
        <sys_mod_count>1</sys_mod_count>
        <sys_updated_by>admin</sys_updated_by>
        <sys_updated_on>2023-05-11 08:53:10</sys_updated_on>
        <value>(function execute(inputs, outputs) {
// ... code ...
  var n = 1;
})(inputs, outputs);
</value>
        <variable display_value="Script">71aa7f6647032200b4fad7527c9a719b</variable>
    </sys_variable_value>
    <sys_element_mapping action="delete_multiple" query="table=var__m_sys_flow_step_definition_input_106afb6647032200b4fad7527c9a71e7^id=3048c76897766110b180b466f053af73"/>
    <sys_hub_step_ext_input action="delete_multiple" query="model=3048c76897766110b180b466f053af73"/>
    <sys_hub_step_ext_output action="delete_multiple" query="model=3048c76897766110b180b466f053af73"/>
    <sys_hub_input_scripts action="delete_multiple" query="instance=3048c76897766110b180b466f053af73"/>
    <sys_documentation action="delete_multiple" query="name=var__m_sys_hub_step_ext_output_3048c76897766110b180b466f053af73"/>
    <sys_hub_action_input action="delete_multiple" query="model=b048c76897766110b180b466f053af6f"/>
    <sys_hub_action_output action="delete_multiple" query="model=b048c76897766110b180b466f053af6f^sys_idNOT IN3048c76897766110b180b466f053af80,b848c76897766110b180b466f053af7b"/>
    <sys_hub_action_output action="INSERT_OR_UPDATE">
        <active>true</active>
        <array>false</array>
        <array_denormalized>false</array_denormalized>
        <attributes>action_error_output=true,element_mapping_provider=com.glide.flow_design.action.data.FlowDesignVariableMapper,uiType=boolean,uiTypeLabel=True/False,uiUniqueId=3ec48db4-e765-45d3-9367-9bb5672a616d,visible_in_ui=false</attributes>
        <audit>false</audit>
        <calculation><![CDATA[(function calculatedFieldValue(current) {

	// Add your code here
	return '';  // return the calculated value

})(current);]]></calculation>
        <choice/>
        <choice_field/>
        <choice_table/>
        <column_label/>
        <comments/>
        <create_roles/>
        <default_value>true</default_value>
        <defaultsort/>
        <delete_roles/>
        <dependent/>
        <dependent_on_field/>
        <display>false</display>
        <dynamic_creation>false</dynamic_creation>
        <dynamic_creation_script/>
        <dynamic_default_value/>
        <dynamic_ref_qual/>
        <element>__dont_treat_as_error__</element>
        <element_prototype/>
        <element_reference>false</element_reference>
        <foreign_database/>
        <formula/>
        <function_definition/>
        <function_field>false</function_field>
        <help/>
        <hint/>
        <internal_link/>
        <internal_type display_value="">boolean</internal_type>
        <label>Don't Treat as Error</label>
        <mandatory>false</mandatory>
        <max_length>40</max_length>
        <model display_value="custom action - read only">b048c76897766110b180b466f053af6f</model>
        <model_id>b048c76897766110b180b466f053af6f</model_id>
        <model_table>sys_hub_action_type_snapshot</model_table>
        <name>var__m_sys_hub_action_output_b048c76897766110b180b466f053af6f</name>
        <next_element/>
        <order>2</order>
        <primary>false</primary>
        <read_only>false</read_only>
        <read_roles/>
        <reference/>
        <reference_cascade_rule/>
        <reference_floats>false</reference_floats>
        <reference_key/>
        <reference_qual/>
        <reference_qual_condition/>
        <reference_type/>
        <sizeclass/>
        <spell_check>false</spell_check>
        <staged>false</staged>
        <sys_class_name>sys_hub_action_output</sys_class_name>
        <sys_created_by>admin</sys_created_by>
        <sys_created_on>2023-05-11 08:49:57</sys_created_on>
        <sys_id>3048c76897766110b180b466f053af80</sys_id>
        <sys_mod_count>1</sys_mod_count>
        <sys_name/>
        <sys_package/>
        <sys_policy/>
        <sys_scope display_value="task creation app">1afd861c97b22110b180b466f053af3f</sys_scope>
        <sys_update_name/>
        <sys_updated_by>admin</sys_updated_by>
        <sys_updated_on>2023-05-11 08:49:57</sys_updated_on>
        <table_reference>false</table_reference>
        <text_index>false</text_index>
        <unique>false</unique>
        <use_dependent_field>false</use_dependent_field>
        <use_dynamic_default>false</use_dynamic_default>
        <use_reference_qualifier>simple</use_reference_qualifier>
        <virtual>false</virtual>
        <virtual_type>script</virtual_type>
        <widget/>
        <write_roles/>
        <xml_view>false</xml_view>
    </sys_hub_action_output>
    <sys_hub_action_input_action_instance action="delete_multiple" query="action_input=3048c76897766110b180b466f053af80"/>
    <sys_hub_input_scripts action="delete_multiple" query="instance=3048c76897766110b180b466f053af80"/>
    <sys_hub_action_output action="INSERT_OR_UPDATE">
        <active>true</active>
        <array>false</array>
        <array_denormalized>false</array_denormalized>
        <attributes>action_error_output=true,co_type_name=FDACTIONSTATUS,element_mapping_provider=com.glide.flow_design.action.data.FlowDesignVariableMapper,uiType=object,uiTypeLabel=Object,uiUniqueId=2a564652-a1bb-45e8-9452-15fa7037702f</attributes>
        <audit>false</audit>
        <calculation><![CDATA[(function calculatedFieldValue(current) {

	// Add your code here
	return '';  // return the calculated value

})(current);]]></calculation>
        <choice/>
        <choice_field/>
        <choice_table/>
        <column_label/>
        <comments/>
        <create_roles/>
        <default_value/>
        <defaultsort/>
        <delete_roles/>
        <dependent/>
        <dependent_on_field/>
        <display>false</display>
        <dynamic_creation>false</dynamic_creation>
        <dynamic_creation_script/>
        <dynamic_default_value/>
        <dynamic_ref_qual/>
        <element>__action_status__</element>
        <element_prototype/>
        <element_reference>false</element_reference>
        <foreign_database/>
        <formula/>
        <function_definition/>
        <function_field>false</function_field>
        <help/>
        <hint/>
        <internal_link/>
        <internal_type display_value="String">string</internal_type>
        <label>Action Status</label>
        <mandatory>false</mandatory>
        <max_length>65000</max_length>
        <model display_value="custom action - read only">b048c76897766110b180b466f053af6f</model>
        <model_id>b048c76897766110b180b466f053af6f</model_id>
        <model_table>sys_hub_action_type_snapshot</model_table>
        <name>var__m_sys_hub_action_output_b048c76897766110b180b466f053af6f</name>
        <next_element/>
        <order>1</order>
        <primary>false</primary>
        <read_only>false</read_only>
        <read_roles/>
        <reference/>
        <reference_cascade_rule/>
        <reference_floats>false</reference_floats>
        <reference_key/>
        <reference_qual/>
        <reference_qual_condition/>
        <reference_type/>
        <sizeclass/>
        <spell_check>false</spell_check>
        <staged>false</staged>
        <sys_class_name>sys_hub_action_output</sys_class_name>
        <sys_created_by>admin</sys_created_by>
        <sys_created_on>2023-05-11 08:49:57</sys_created_on>
        <sys_id>b848c76897766110b180b466f053af7b</sys_id>
        <sys_mod_count>0</sys_mod_count>
        <sys_name/>
        <sys_package/>
        <sys_policy/>
        <sys_scope display_value="task creation app">1afd861c97b22110b180b466f053af3f</sys_scope>
        <sys_update_name/>
        <sys_updated_by>admin</sys_updated_by>
        <sys_updated_on>2023-05-11 08:49:57</sys_updated_on>
        <table_reference>false</table_reference>
        <text_index>false</text_index>
        <unique>false</unique>
        <use_dependent_field>false</use_dependent_field>
        <use_dynamic_default>false</use_dynamic_default>
        <use_reference_qualifier>simple</use_reference_qualifier>
        <virtual>false</virtual>
        <virtual_type>script</virtual_type>
        <widget/>
        <write_roles/>
        <xml_view>false</xml_view>
    </sys_hub_action_output>
    <sys_hub_action_input_action_instance action="delete_multiple" query="action_input=b848c76897766110b180b466f053af7b"/>
    <sys_hub_input_scripts action="delete_multiple" query="instance=b848c76897766110b180b466f053af7b"/>
    <sys_hub_pill_compound action="delete_multiple" query="attached_to=b048c76897766110b180b466f053af6f"/>
    <sys_hub_action_status_metadata action="delete_multiple" query="action_type_id=b048c76897766110b180b466f053af6f^sys_idNOT IN7048c76897766110b180b466f053af89"/>
    <sys_hub_action_status_metadata action="INSERT_OR_UPDATE">
        <action_type_id display_value="custom action - read only">b048c76897766110b180b466f053af6f</action_type_id>
        <sys_created_by>admin</sys_created_by>
        <sys_created_on>2023-05-11 08:49:58</sys_created_on>
        <sys_id>7048c76897766110b180b466f053af89</sys_id>
        <sys_mod_count>0</sys_mod_count>
        <sys_updated_by>admin</sys_updated_by>
        <sys_updated_on>2023-05-11 08:49:58</sys_updated_on>
    </sys_hub_action_status_metadata>
    <sys_hub_status_condition action="delete_multiple" query="action_status_metadata_id=7048c76897766110b180b466f053af89"/>
    <sys_documentation action="delete_multiple" query="name=var__m_sys_hub_action_input_b048c76897766110b180b466f053af6f"/>
    <sys_choice action="delete_multiple" query="name=var__m_sys_hub_action_input_b048c76897766110b180b466f053af6f"/>
    <sys_documentation action="delete_multiple" query="name=var__m_sys_hub_action_output_b048c76897766110b180b466f053af6f^sys_idNOT IN7848c76897766110b180b466f053af84,b048c76897766110b180b466f053af7f"/>
    <sys_documentation action="INSERT_OR_UPDATE">
        <element>__dont_treat_as_error__</element>
        <help/>
        <hint/>
        <label>Don't Treat as Error</label>
        <language>en</language>
        <name>var__m_sys_hub_action_output_b048c76897766110b180b466f053af6f</name>
        <plural/>
        <sys_class_name>sys_documentation</sys_class_name>
        <sys_created_by>admin</sys_created_by>
        <sys_created_on>2023-05-11 08:49:58</sys_created_on>
        <sys_id>7848c76897766110b180b466f053af84</sys_id>
        <sys_mod_count>0</sys_mod_count>
        <sys_name/>
        <sys_package display_value="task creation app" source="x_916786_task_crea">1afd861c97b22110b180b466f053af3f</sys_package>
        <sys_policy/>
        <sys_scope display_value="task creation app">1afd861c97b22110b180b466f053af3f</sys_scope>
        <sys_update_name/>
        <sys_updated_by>admin</sys_updated_by>
        <sys_updated_on>2023-05-11 08:49:58</sys_updated_on>
        <url/>
        <url_target/>
    </sys_documentation>
    <sys_documentation action="INSERT_OR_UPDATE">
        <element>__action_status__</element>
        <help/>
        <hint/>
        <label>Action Status</label>
        <language>en</language>
        <name>var__m_sys_hub_action_output_b048c76897766110b180b466f053af6f</name>
        <plural/>
        <sys_class_name>sys_documentation</sys_class_name>
        <sys_created_by>admin</sys_created_by>
        <sys_created_on>2023-05-11 08:49:57</sys_created_on>
        <sys_id>b048c76897766110b180b466f053af7f</sys_id>
        <sys_mod_count>0</sys_mod_count>
        <sys_name/>
        <sys_package display_value="task creation app" source="x_916786_task_crea">1afd861c97b22110b180b466f053af3f</sys_package>
        <sys_policy/>
        <sys_scope display_value="task creation app">1afd861c97b22110b180b466f053af3f</sys_scope>
        <sys_update_name/>
        <sys_updated_by>admin</sys_updated_by>
        <sys_updated_on>2023-05-11 08:49:57</sys_updated_on>
        <url/>
        <url_target/>
    </sys_documentation>
    <sys_choice action="delete_multiple" query="name=var__m_sys_hub_action_output_b048c76897766110b180b466f053af6f"/>
    <sys_hub_action_type_definition action="UPDATE">
        <sys_id>4a088b2897766110b180b466f053af67</sys_id>
        <latest_snapshot>b048c76897766110b180b466f053af6f</latest_snapshot>
        <compiler_build>glide-tokyo-07-08-2022__patch4a-01-03-2023_01-11-2023_0813.zip</compiler_build>
    </sys_hub_action_type_definition>
</record_update>
