<?xml version="1.0" encoding="UTF-8"?><record_update sys_domain="global" table="sys_app_module">
    <sys_app_module action="INSERT_OR_UPDATE">
        <active>true</active>
        <application display_value="task creation app">466e8a5c97b22110b180b466f053af10</application>
        <assessment/>
        <device_type/>
        <filter/>
        <hint/>
        <homepage/>
        <image/>
        <link_type>LIST</link_type>
        <map_page/>
        <mobile_title>Open - Unassigned</mobile_title>
        <mobile_view_name>Mobile</mobile_view_name>
        <name>incident</name>
        <order>10</order>
        <override_menu_roles>false</override_menu_roles>
        <query>active=true^assigned_toISEMPTY^EQ</query>
        <report/>
        <roles/>
        <sys_class_name>sys_app_module</sys_class_name>
        <sys_created_by>admin</sys_created_by>
        <sys_created_on>2023-05-10 09:58:42</sys_created_on>
        <sys_domain>global</sys_domain>
        <sys_domain_path>/</sys_domain_path>
        <sys_id>ce6e029097f22110b180b466f053afe5</sys_id>
        <sys_mod_count>0</sys_mod_count>
        <sys_name>Open - Unassigned</sys_name>
        <sys_overrides/>
        <sys_package display_value="task creation app" source="x_916786_task_crea">1afd861c97b22110b180b466f053af3f</sys_package>
        <sys_policy/>
        <sys_scope display_value="task creation app">1afd861c97b22110b180b466f053af3f</sys_scope>
        <sys_update_name>sys_app_module_ce6e029097f22110b180b466f053afe5</sys_update_name>
        <sys_updated_by>admin</sys_updated_by>
        <sys_updated_on>2023-05-10 09:58:42</sys_updated_on>
        <timeline_page/>
        <title>Open - Unassigned</title>
        <uncancelable>false</uncancelable>
        <view_name/>
        <window_name/>
    </sys_app_module>
</record_update>
